"","variable","ReportWeek","ave.week.sum"
"1","amount",1997-09-12,6.4
"2","amount",1997-09-19,0.4
"3","amount",1997-09-26,32.6
"4","amount",1997-10-03,19.2
"5","amount",1997-10-10,9
"6","amount",1997-10-17,19
"7","amount",1997-10-24,20.4
"8","amount",1997-10-31,0
"9","amount",1997-11-07,0
"10","amount",1997-11-14,4.8
"11","amount",1997-11-21,10.6
"12","amount",1997-11-28,0
"13","amount",1997-12-05,0
"14","amount",1997-12-12,3.4
"15","amount",1997-12-19,0
"16","amount",1997-12-26,7.8
"17","amount",1998-01-02,0.4
"18","amount",1998-01-09,0
"19","amount",1998-01-16,4.2
"20","amount",1998-01-23,11
"21","amount",1998-01-30,0.4
"22","amount",1998-02-06,0
"23","amount",1998-02-13,0
"24","amount",1998-02-20,2.2
"25","amount",1998-02-27,17.6
"26","amount",1998-03-06,0
"27","amount",1998-03-13,1.2
"28","amount",1998-03-20,0.4
"29","amount",1998-03-27,0
"30","amount",1998-04-03,8.6
"31","amount",1998-04-10,18.2
"32","amount",1998-04-17,0.2
"33","amount",1998-04-24,5.8
"34","amount",1998-05-01,9.8
"35","amount",1998-05-08,5.4
"36","amount",1998-05-15,5.8
"37","amount",1998-05-22,0.8
"38","amount",1998-05-29,5.8
"39","amount",1998-06-05,1.8
"40","amount",1998-06-12,5.6
"41","amount",1998-06-19,8.8
"42","amount",1998-06-26,1.2
"43","amount",1998-07-03,21
"44","amount",1998-07-10,4.2
"45","amount",1998-07-17,119.6
"46","amount",1998-07-24,0.8
"47","amount",1998-07-31,37.8
"48","amount",1998-08-07,5.8
"49","amount",1998-08-14,16.8
"50","amount",1998-08-21,13.6
"51","amount",1998-08-28,1.6
"52","amount",1998-09-04,4.6
"53","amount",1998-09-11,2.2
"54","amount",1998-09-18,0
"55","amount",1998-09-25,0.4
"56","amount",1998-10-02,0.6
"57","amount",1998-10-09,2.6
"58","amount",1998-10-16,7
"59","amount",1998-10-23,3.2
"60","amount",1998-10-30,0.8
"61","amount",1998-11-06,12.2
"62","amount",1998-11-13,0
"63","amount",1998-11-20,2.8
"64","amount",1998-11-27,7
"65","amount",1998-12-04,38
"66","amount",1998-12-11,1.4
"67","amount",1998-12-18,6.8
"68","amount",1998-12-25,0
"69","amount",1999-01-01,0
"70","amount",1999-01-08,1.4
"71","amount",1999-01-15,1.8
"72","amount",1999-01-22,150.2
"73","amount",1999-01-29,6.8
"74","amount",1999-02-05,3.2
"75","amount",1999-02-12,7.8
"76","amount",1999-02-19,0
"77","amount",1999-02-26,3
"78","amount",1999-03-05,1.2
"79","amount",1999-03-12,4
"80","amount",1999-03-19,26.8
"81","amount",1999-03-26,13.6
"82","amount",1999-04-02,4
"83","amount",1999-04-09,28.8
"84","amount",1999-04-16,18.2
"85","amount",1999-04-23,62
"86","amount",1999-04-30,30.8
"87","amount",1999-05-07,45.4
"88","amount",1999-05-14,0.8
"89","amount",1999-05-21,6.6
"90","amount",1999-05-28,0
"91","amount",1999-06-04,103.8
"92","amount",1999-06-11,17.6
"93","amount",1999-06-18,4
"94","amount",1999-06-25,0
"95","amount",1999-07-02,0
"96","amount",1999-07-09,15
"97","amount",1999-07-16,24.4
"98","amount",1999-07-23,1
"99","amount",1999-07-30,19.2
"100","amount",1999-08-06,12.8
"101","amount",1999-08-13,4
"102","amount",1999-08-20,10.2
"103","amount",1999-08-27,0
"104","amount",1999-09-03,0.2
"105","amount",1999-09-10,1.4
"106","amount",1999-09-17,30.8
"107","amount",1999-09-24,0.8
"108","amount",1999-10-01,0.2
"109","amount",1999-10-08,9.6
"110","amount",1999-10-15,5
"111","amount",1999-10-22,1.4
"112","amount",1999-10-29,3.2
"113","amount",1999-11-05,7.4
"114","amount",1999-11-12,1
"115","amount",1999-11-19,17.6
"116","amount",1999-11-26,12.4
"117","amount",1999-12-03,82.4
"118","amount",1999-12-10,12.6
"119","amount",1999-12-17,2.4
"120","amount",1999-12-24,3
"121","amount",1999-12-31,0
"122","amount",2000-01-07,0.4
"123","amount",2000-01-14,0.8
"124","amount",2000-01-21,0
"125","amount",2000-01-28,16.2
"126","amount",2000-02-04,0
"127","amount",2000-02-11,0
"128","amount",2000-02-18,0
"129","amount",2000-02-25,0
"130","amount",2000-03-03,3.8
"131","amount",2000-03-10,11.2
"132","amount",2000-03-17,10.2
"133","amount",2000-03-24,42.4
"134","amount",2000-03-31,2.2
"135","amount",2000-04-07,7
"136","amount",2000-04-14,67.2
"137","amount",2000-04-21,22.6
"138","amount",2000-04-28,6.6
"139","amount",2000-05-05,0
"140","amount",2000-05-12,12.4
"141","amount",2000-05-19,18.6
"142","amount",2000-05-26,1.2
"143","amount",2000-06-02,23.6
"144","amount",2000-06-09,24.4
"145","amount",2000-06-16,5.6
"146","amount",2000-06-23,0
"147","amount",2000-06-30,7.8
"148","amount",2000-07-07,86.4
"149","amount",2000-07-14,28
"150","amount",2000-07-21,19.6
"151","amount",2000-07-28,0.2
"152","amount",2000-08-04,0
"153","amount",2000-08-11,0
"154","amount",2000-08-18,5
"155","amount",2000-08-25,6.2
"156","amount",2000-09-01,5.2
"157","amount",2000-09-08,0.4
"158","amount",2000-09-15,4.6
"159","amount",2000-09-22,0.2
"160","amount",2000-09-29,52.6
"161","amount",2000-10-06,10.6
"162","amount",2000-10-13,1
"163","amount",2000-10-20,0
"164","amount",2000-10-27,0
"165","amount",2000-11-03,1.6
"166","amount",2000-11-10,55.8
"167","amount",2000-11-17,3
"168","amount",2000-11-24,7.4
"169","amount",2000-12-01,13.6
"170","amount",2000-12-08,14
"171","amount",2000-12-15,8.6
"172","amount",2000-12-22,0.2
"173","amount",2000-12-29,2.6
"174","amount",2001-01-05,4.2
"175","amount",2001-01-12,18.4
"176","amount",2001-01-19,5.6
"177","amount",2001-01-26,4
"178","amount",2001-02-02,0
"179","amount",2001-02-09,2
"180","amount",2001-02-16,31.2
"181","amount",2001-02-23,30.6
"182","amount",2001-03-02,2.8
"183","amount",2001-03-09,14
"184","amount",2001-03-16,0.2
"185","amount",2001-03-23,8
"186","amount",2001-03-30,0.2
"187","amount",2001-04-06,20.2
"188","amount",2001-04-13,20.9
"189","amount",2001-04-20,0.2
"190","amount",2001-04-27,14.8
"191","amount",2001-05-04,12.6
"192","amount",2001-05-11,5.4
"193","amount",2001-05-18,0.4
"194","amount",2001-05-25,1
"195","amount",2001-06-01,16.6
"196","amount",2001-06-08,4.2
"197","amount",2001-06-15,3.8
"198","amount",2001-06-22,17.6
"199","amount",2001-06-29,7.8
"200","amount",2001-07-06,13.8
"201","amount",2001-07-13,18.2
"202","amount",2001-07-20,12.4
"203","amount",2001-07-27,44.6
"204","amount",2001-08-03,4.8
"205","amount",2001-08-10,1
"206","amount",2001-08-17,57.2
"207","amount",2001-08-24,0.2
"208","amount",2001-08-31,8.8
"209","amount",2001-09-07,30.4
"210","amount",2001-09-14,4.8
"211","amount",2001-09-21,0.6
"212","amount",2001-09-28,5.6
"213","amount",2001-10-05,0
"214","amount",2001-10-12,72.9
"215","amount",2001-10-19,0.6
"216","amount",2001-10-26,44.4
"217","amount",2001-11-02,25
"218","amount",2001-11-09,6.2
"219","amount",2001-11-16,1.8
"220","amount",2001-11-23,17.6
"221","amount",2001-11-30,2
"222","amount",2001-12-07,12.2
"223","amount",2001-12-14,57.4
"224","amount",2001-12-21,68.2
"225","amount",2001-12-28,5.2
"226","amount",2002-01-04,6.8
"227","amount",2002-01-11,54.8
"228","amount",2002-01-18,43
"229","amount",2002-01-25,1.6
"230","amount",2002-02-01,0.4
"231","amount",2002-02-08,4.8
"232","amount",2002-02-15,120.6
"233","amount",2002-02-22,4.2
"234","amount",2002-03-01,0.2
"235","amount",2002-03-08,0.4
"236","amount",2002-03-15,41.2
"237","amount",2002-03-22,1.6
"238","amount",2002-03-29,0
"239","amount",2002-04-05,0.2
"240","amount",2002-04-12,12.4
"241","amount",2002-04-19,2.2
"242","amount",2002-04-26,30.4
"243","amount",2002-05-03,2.6
"244","amount",2002-05-10,0
"245","amount",2002-05-17,6
"246","amount",2002-05-24,4.4
"247","amount",2002-05-31,3
"248","amount",2002-06-07,1.2
"249","amount",2002-06-14,6
"250","amount",2002-06-21,51.8
"251","amount",2002-06-28,8
"252","amount",2002-07-05,58.8
"253","amount",2002-07-12,3.4
"254","amount",2002-07-19,25.4
"255","amount",2002-07-26,51.8
"256","amount",2002-08-02,22.4
"257","amount",2002-08-09,35.8
"258","amount",2002-08-16,0.4
"259","amount",2002-08-23,7.4
"260","amount",2002-08-30,0.4
"261","amount",2002-09-06,0
"262","amount",2002-09-13,14.2
"263","amount",2002-09-20,1
"264","amount",2002-09-27,0.6
"265","amount",2002-10-04,23.4
"266","amount",2002-10-11,3.4
"267","amount",2002-10-18,18.4
"268","amount",2002-10-25,1.8
"269","amount",2002-11-01,0.6
"270","amount",2002-11-08,1.6
"271","amount",2002-11-15,0
"272","amount",2002-11-22,50.2
"273","amount",2002-11-29,0
"274","amount",2002-12-06,2
"275","amount",2002-12-13,6
"276","amount",2002-12-20,11.2
"277","amount",2002-12-27,2.2
"278","amount",2003-01-03,0
"279","amount",2003-01-10,6.8
"280","amount",2003-01-17,1.6
"281","amount",2003-01-24,0.6
"282","amount",2003-01-31,0
"283","amount",2003-02-07,0
"284","amount",2003-02-14,18.8
"285","amount",2003-02-21,1
"286","amount",2003-02-28,31.8
"287","amount",2003-03-07,2
"288","amount",2003-03-14,35.1
"289","amount",2003-03-21,0
"290","amount",2003-03-28,3.6
"291","amount",2003-04-04,2.8
"292","amount",2003-04-11,20
"293","amount",2003-04-18,11
"294","amount",2003-04-25,17.8
"295","amount",2003-05-02,0
"296","amount",2003-05-09,23.6
"297","amount",2003-05-16,0
"298","amount",2003-05-23,51.8
"299","amount",2003-05-30,24.4
"300","amount",2003-06-06,4
"301","amount",2003-06-13,27.2
"302","amount",2003-06-20,0.8
"303","amount",2003-06-27,0
"304","amount",2003-07-04,4
"305","amount",2003-07-11,24
"306","amount",2003-07-18,6.4
"307","amount",2003-07-25,0
"308","amount",2003-08-01,3.2
"309","amount",2003-08-08,7.8
"310","amount",2003-08-15,27.8
"311","amount",2003-08-22,61.6
"312","amount",2003-08-29,52.6
"313","amount",2003-09-05,54.4
"314","amount",2003-09-12,66.6
"315","amount",2003-09-19,0.3
"316","amount",2003-09-26,4.6
"317","amount",2003-10-03,8.2
"318","amount",2003-10-10,0
"319","amount",2003-10-17,15.4
"320","amount",2003-10-24,0.6
"321","amount",2003-10-31,2.4
"322","amount",2003-11-07,0.4
"323","amount",2003-11-14,1.4
"324","amount",2003-11-21,0
"325","amount",2003-11-28,15.5
"326","amount",2003-12-05,0
"327","amount",2003-12-12,35
"328","amount",2003-12-19,1.2
"329","amount",2003-12-26,3.2
"330","amount",2004-01-02,36.6
"331","amount",2004-01-09,0
"332","amount",2004-01-16,0.2
"333","amount",2004-01-23,54.2
"334","amount",2004-01-30,2.8
"335","amount",2004-02-06,18.6
"336","amount",2004-02-13,3.2
"337","amount",2004-02-20,48.8
"338","amount",2004-02-27,18.8
"339","amount",2004-03-05,15.4
"340","amount",2004-03-12,2.6
"341","amount",2004-03-19,2.4
"342","amount",2004-03-26,0
"343","amount",2004-04-02,1.2
"344","amount",2004-04-09,11.8
"345","amount",2004-04-16,1
"346","amount",2004-04-23,0.2
"347","amount",2004-04-30,32.4
"348","amount",2004-05-07,0.6
"349","amount",2004-05-14,15.2
"350","amount",2004-05-21,33
"351","amount",2004-05-28,46.8
"352","amount",2004-06-04,0
"353","amount",2004-06-11,4.6
"354","amount",2004-06-18,20
"355","amount",2004-06-25,7
"356","amount",2004-07-02,56.8
"357","amount",2004-07-09,0.4
"358","amount",2004-07-16,16.8
"359","amount",2004-07-23,44.8
"360","amount",2004-07-30,7.4
"361","amount",2004-08-06,9.8
"362","amount",2004-08-13,0
"363","amount",2004-08-20,41.2
"364","amount",2004-08-27,0.8
"365","amount",2004-09-03,0.8
"366","amount",2004-09-10,0
"367","amount",2004-09-17,4.8
"368","amount",2004-09-24,5.8
"369","amount",2004-10-01,7.2
"370","amount",2004-10-08,19.4
"371","amount",2004-10-15,8.4
"372","amount",2004-10-22,26.2
"373","amount",2004-10-29,4
"374","amount",2004-11-05,0
"375","amount",2004-11-12,1.6
"376","amount",2004-11-19,10.4
"377","amount",2004-11-26,6.6
"378","amount",2004-12-03,1.8
"379","amount",2004-12-10,46.8
"380","amount",2004-12-17,13.6
"381","amount",2004-12-24,19.8
"382","amount",2004-12-31,14.2
"383","amount",2005-01-07,6.2
"384","amount",2005-01-14,15.2
"385","amount",2005-01-21,6.2
"386","amount",2005-01-28,0
"387","amount",2005-02-04,8.2
"388","amount",2005-02-11,4.6
"389","amount",2005-02-18,1
"390","amount",2005-02-25,0
"391","amount",2005-03-04,0
"392","amount",2005-03-11,1.2
"393","amount",2005-03-18,80.8
"394","amount",2005-03-25,31.2
"395","amount",2005-04-01,8
"396","amount",2005-04-08,5.6
"397","amount",2005-04-15,28.4
"398","amount",2005-04-22,3.4
"399","amount",2005-04-29,11.8
"400","amount",2005-05-06,44.4
"401","amount",2005-05-13,0.1
"402","amount",2005-05-20,43.8
"403","amount",2005-05-27,3.6
"404","amount",2005-06-03,14.8
"405","amount",2005-06-10,1.2
"406","amount",2005-06-17,67.1
"407","amount",2005-06-24,16.2
"408","amount",2005-07-01,26.2
"409","amount",2005-07-08,2.4
"410","amount",2005-07-15,26.4
"411","amount",2005-07-22,70.6
"412","amount",2005-07-29,0.7
"413","amount",2005-08-05,7.9
"414","amount",2005-08-12,5.4
"415","amount",2005-08-19,0
"416","amount",2005-08-26,2.9
"417","amount",2005-09-02,2.2
"418","amount",2005-09-09,0.2
"419","amount",2005-09-16,3.7
"420","amount",2005-09-23,28.7
"421","amount",2005-09-30,0.5
"422","amount",2005-10-07,22.8
"423","amount",2005-10-14,28.1
"424","amount",2005-10-21,100.15
"425","amount",2005-10-28,1.5
"426","amount",2005-11-04,2.1
"427","amount",2005-11-11,5.3
"428","amount",2005-11-18,0.2
"429","amount",2005-11-25,1.2
"430","amount",2005-12-02,59.4
"431","amount",2005-12-09,9.2
"432","amount",2005-12-16,0.7
"433","amount",2005-12-23,13.5
"434","amount",2005-12-30,0
"435","amount",2006-01-06,5.8
"436","amount",2006-01-13,1
"437","amount",2006-01-20,13.5
"438","amount",2006-01-27,34.15
"439","amount",2006-02-03,3
"440","amount",2006-02-10,32.5
"441","amount",2006-02-17,0.1
"442","amount",2006-02-24,0
"443","amount",2006-03-03,1.9
"444","amount",2006-03-10,0
"445","amount",2006-03-17,0.2
"446","amount",2006-03-24,41.7
"447","amount",2006-03-31,27.9
"448","amount",2006-04-07,2
"449","amount",2006-04-14,4.4
"450","amount",2006-04-21,12.9
"451","amount",2006-04-28,73.5
"452","amount",2006-05-05,112.55
"453","amount",2006-05-12,2.5
"454","amount",2006-05-19,0.8
"455","amount",2006-05-26,3.8
"456","amount",2006-06-02,0.9
"457","amount",2006-06-09,14.3
"458","amount",2006-06-16,2
"459","amount",2006-06-23,67.2
"460","amount",2006-06-30,17.3
"461","amount",2006-07-07,72.6
"462","amount",2006-07-14,24.6
"463","amount",2006-07-21,72.3
"464","amount",2006-07-28,0.7
"465","amount",2006-08-04,2.4
"466","amount",2006-08-11,47.55
"467","amount",2006-08-18,1.6
"468","amount",2006-08-25,0.7
"469","amount",2006-09-01,0.1
"470","amount",2006-09-08,0
"471","amount",2006-09-15,14
"472","amount",2006-09-22,0
"473","amount",2006-09-29,6.5
"474","amount",2006-10-06,20.8
"475","amount",2006-10-13,2.6
"476","amount",2006-10-20,0.7
"477","amount",2006-10-27,21.5
"478","amount",2006-11-03,4.8
"479","amount",2006-11-10,27.7
"480","amount",2006-11-17,0
"481","amount",2006-11-24,1.1
"482","amount",2006-12-01,4.3
"483","amount",2006-12-08,19.7
"484","amount",2006-12-15,2.6
"485","amount",2006-12-22,34.5
"486","amount",2006-12-29,6.7
"487","amount",2007-01-05,5.2
"488","amount",2007-01-12,12.3
"489","amount",2007-01-19,2.6
"490","amount",2007-01-26,5.3
"491","amount",2007-02-02,5.3
"492","amount",2007-02-09,38.45
"493","amount",2007-02-16,0.5
"494","amount",2007-02-23,1.4
"495","amount",2007-03-02,0.65
"496","amount",2007-03-09,0.4
"497","amount",2007-03-16,16.45
"498","amount",2007-03-23,2.2
"499","amount",2007-03-30,4.3
"500","amount",2007-04-06,12.9
"501","amount",2007-04-13,2.7
"502","amount",2007-04-20,2.2
"503","amount",2007-04-27,2.4
"504","amount",2007-05-04,11.6
"505","amount",2007-05-11,0.1
"506","amount",2007-05-18,0
"507","amount",2007-05-25,0
"508","amount",2007-06-01,0.1
"509","amount",2007-06-08,0
"510","amount",2007-06-15,59.55
"511","amount",2007-06-22,24.8
"512","amount",2007-06-29,10.8
"513","amount",2007-07-06,27.9
"514","amount",2007-07-13,22.1
"515","amount",2007-07-20,117.55
"516","amount",2007-07-27,3.4
"517","amount",2007-08-03,15
"518","amount",2007-08-10,5.1
"519","amount",2007-08-17,11.1
"520","amount",2007-08-24,3.9
"521","amount",2007-08-31,30.85
"522","amount",2007-09-07,16.95
"523","amount",2007-09-14,21.1
"524","amount",2007-09-21,3.5
"525","amount",2007-09-28,11.8
"526","amount",2007-10-05,2.8
"527","amount",2007-10-12,1.9
"528","amount",2007-10-19,16.6
"529","amount",2007-10-26,2.1
"530","amount",2007-11-02,0
"531","amount",2007-11-09,0.3
"532","amount",2007-11-16,7.3
"533","amount",2007-11-23,0
"534","amount",2007-11-30,0
"535","amount",2007-12-07,29.7
"536","amount",2007-12-14,11.75
"537","amount",2007-12-21,61.9
"538","amount",2007-12-28,5.15
"539","amount",2008-01-04,2.2
"540","amount",2008-01-11,5.8
"541","amount",2008-01-18,0
"542","amount",2008-01-25,4.2
"543","amount",2008-02-01,2.9
"544","amount",2008-02-08,9.1
"545","amount",2008-02-15,8.6
"546","amount",2008-02-22,0
"547","amount",2008-02-29,0
"548","amount",2008-03-07,35.2
"549","amount",2008-03-14,4.1
"550","amount",2008-03-21,0.1
"551","amount",2008-03-28,0.1
"552","amount",2008-04-04,0.6
"553","amount",2008-04-11,20.2
"554","amount",2008-04-18,52.5
"555","amount",2008-04-25,0.7
"556","amount",2008-05-02,26.9
"557","amount",2008-05-09,39.35
"558","amount",2008-05-16,9.5
"559","amount",2008-05-23,26.9
"560","amount",2008-05-30,30.9
"561","amount",2008-06-06,7.1
"562","amount",2008-06-13,2.7
"563","amount",2008-06-20,25.35
"564","amount",2008-06-27,4.5
"565","amount",2008-07-04,16
"566","amount",2008-07-11,0.1
"567","amount",2008-07-18,5.3
"568","amount",2008-07-25,10.7
"569","amount",2008-08-01,119.45
"570","amount",2008-08-08,5.2
"571","amount",2008-08-15,5.5
"572","amount",2008-08-22,4.5
"573","amount",2008-08-29,18.1
"574","amount",2008-09-05,4.4
"575","amount",2008-09-12,13.4
"576","amount",2008-09-19,11.4
"577","amount",2008-09-26,0
"578","amount",2008-10-03,0.6
"579","amount",2008-10-10,6.75
"580","amount",2008-10-17,20.4
"581","amount",2008-10-24,8
"582","amount",2008-10-31,2.1
"583","amount",2008-11-07,4.9
"584","amount",2008-11-14,0.1
"585","amount",2008-11-21,3
"586","amount",2008-11-28,10
"587","amount",2008-12-05,0.5
"588","amount",2008-12-12,15.6
"589","amount",2008-12-19,0
"590","amount",2008-12-26,19
"591","amount",2009-01-02,4.4
"592","amount",2009-01-09,1
"593","amount",2009-01-16,1.8
"594","amount",2009-01-23,0.9
"595","amount",2009-01-30,0
"596","amount",2009-02-06,0.8
"597","amount",2009-02-13,7.9
"598","amount",2009-02-20,18.1
"599","amount",2009-02-27,24.1
"600","amount",2009-03-06,44.6
"601","amount",2009-03-13,6.2
"602","amount",2009-03-20,7
"603","amount",2009-03-27,4.3
"604","amount",2009-04-03,1.65
"605","amount",2009-04-10,1.2
"606","amount",2009-04-17,0.3
"607","amount",2009-04-24,17.3
"608","amount",2009-05-01,7.3
"609","amount",2009-05-08,5.2
"610","amount",2009-05-15,8.1
"611","amount",2009-05-22,0.1
"612","amount",2009-05-29,45.25
"613","amount",2009-06-05,5.4
"614","amount",2009-06-12,26.75
"615","amount",2009-06-19,4.45
"616","amount",2009-06-26,1.4
"617","amount",2009-07-03,122.2
"618","amount",2009-07-10,20.1
"619","amount",2009-07-17,42.4
"620","amount",2009-07-24,5
"621","amount",2009-07-31,1
"622","amount",2009-08-07,0.1
"623","amount",2009-08-14,1.7
"624","amount",2009-08-21,45.1
"625","amount",2009-08-28,0.1
"626","amount",2009-09-04,8.2
"627","amount",2009-09-11,0.1
"628","amount",2009-09-18,6.7
"629","amount",2009-09-25,43.4
"630","amount",2009-10-02,24.2
"631","amount",2009-10-09,84
"632","amount",2009-10-16,1.9
"633","amount",2009-10-23,14.3
"634","amount",2009-10-30,21.3
"635","amount",2009-11-06,0.1
"636","amount",2009-11-13,1.3
"637","amount",2009-11-20,9.5
"638","amount",2009-11-27,0.1
"639","amount",2009-12-04,77.7
"640","amount",2009-12-11,0.1
"641","amount",2009-12-18,4.5
"642","amount",2009-12-25,0.5
"643","amount",2010-01-01,1
"644","amount",2010-01-08,0
"645","amount",2010-01-15,30.4
"646","amount",2010-01-22,38
"647","amount",2010-01-29,11
"648","amount",2010-02-05,70.6
"649","amount",2010-02-12,10.9
"650","amount",2010-02-19,1.4
"651","amount",2010-02-26,0.9
"652","amount",2010-03-05,0.2
"653","amount",2010-03-12,9.1
"654","amount",2010-03-19,0.4
"655","amount",2010-03-26,1.9
"656","amount",2010-04-02,1.7
"657","amount",2010-04-09,21
"658","amount",2010-04-16,0.6
"659","amount",2010-04-23,0.4
"660","amount",2010-04-30,0.4
"661","amount",2010-05-07,7.1
"662","amount",2010-05-14,10
"663","amount",2010-05-21,24.3
"664","amount",2010-05-28,97.7
"665","amount",2010-06-04,104.2
"666","amount",2010-06-11,16.3
"667","amount",2010-06-18,0.7
"668","amount",2010-06-25,40.8
"669","amount",2010-07-02,25.5
"670","amount",2010-07-09,48.6
"671","amount",2010-07-16,10.9
"672","amount",2010-07-23,30.4
"673","amount",2010-07-30,2.2
"674","amount",2010-08-06,11.6
"675","amount",2010-08-13,6.2
"676","amount",2010-08-20,28.4
"677","amount",2010-08-27,6
"678","amount",2010-09-03,31.4
"679","amount",2010-09-10,29.1
"680","amount",2010-09-17,18
"681","amount",2010-09-24,4.2
"682","amount",2010-10-01,0.3
"683","amount",2010-10-08,0
"684","amount",2010-10-15,76
"685","amount",2010-10-22,1
"686","amount",2010-10-29,0.6
"687","amount",2010-11-05,8.2
"688","amount",2010-11-12,0.2
"689","amount",2010-11-19,0.6
"690","amount",2010-11-26,7.3
"691","amount",2010-12-03,4.9
"692","amount",2010-12-10,0.45
"693","amount",2010-12-17,24.6
"694","amount",2010-12-24,8.5
"695","amount",2010-12-31,1.4
"696","amount",2011-01-07,0
"697","amount",2011-01-14,0.7
"698","amount",2011-01-21,21.4
"699","amount",2011-01-28,106.6
"700","amount",2011-02-04,0
"701","amount",2011-02-11,0.6
"702","amount",2011-02-18,1.8
"703","amount",2011-02-25,5.5
"704","amount",2011-03-04,2.3
"705","amount",2011-03-11,30.9
"706","amount",2011-03-18,0.4
"707","amount",2011-03-25,60
"708","amount",2011-04-01,15.7
"709","amount",2011-04-08,18.1
"710","amount",2011-04-15,0.4
"711","amount",2011-04-22,9.35
"712","amount",2011-04-29,141.15
"713","amount",2011-05-06,29.1
"714","amount",2011-05-13,5.3
"715","amount",2011-05-20,1.2
"716","amount",2011-05-27,23.6
"717","amount",2011-06-03,1.1
"718","amount",2011-06-10,8.1
"719","amount",2011-06-17,2.5
"720","amount",2011-06-24,10.9
"721","amount",2011-07-01,27.25
"722","amount",2011-07-08,36.8
"723","amount",2011-07-15,3.1
"724","amount",2011-07-22,43.5
"725","amount",2011-07-29,6.1
"726","amount",2011-08-05,1.6
"727","amount",2011-08-12,6.65
"728","amount",2011-08-19,32.9
"729","amount",2011-08-26,0.1
"730","amount",2011-09-02,0
"731","amount",2011-09-09,0.1
"732","amount",2011-09-16,2.6
"733","amount",2011-09-23,14
"734","amount",2011-09-30,8.1
"735","amount",2011-10-07,9.6
"736","amount",2011-10-14,14.9
"737","amount",2011-10-21,17.7
"738","amount",2011-10-28,19.1
"739","amount",2011-11-04,2.3
"740","amount",2011-11-11,5.6
"741","amount",2011-11-18,19.35
"742","amount",2011-11-25,4.4
"743","amount",2011-12-02,0.75
"744","amount",2011-12-09,9.7
"745","amount",2011-12-16,35.1
"746","amount",2011-12-23,3.2
"747","amount",2011-12-30,26.2
"748","amount",2012-01-06,28.5
"749","amount",2012-01-13,58.75
"750","amount",2012-01-20,0
"751","amount",2012-01-27,10.7
"752","amount",2012-02-03,2.4
"753","amount",2012-02-10,19.95
"754","amount",2012-02-17,17.9
"755","amount",2012-02-24,3.5
"756","amount",2012-03-02,9.4
"757","amount",2012-03-09,11
"758","amount",2012-03-16,13.05
"759","amount",2012-03-23,77.8
"760","amount",2012-03-30,12.1
"761","amount",2012-04-06,46.35
"762","amount",2012-04-13,24.8
"763","amount",2012-04-20,0.5
"764","amount",2012-04-27,0.1
"765","amount",2012-05-04,3.2
"766","amount",2012-05-11,56.8
"767","amount",2012-05-18,2.85
"768","amount",2012-05-25,0.1
"769","amount",2012-06-01,0.5
"770","amount",2012-06-08,7
"771","amount",2012-06-15,2.6
"772","amount",2012-06-22,3.3
"773","amount",2012-06-29,0.6
"774","amount",2012-07-06,76.8
"775","amount",2012-07-13,0.2
"776","amount",2012-07-20,2.9
"777","amount",2012-07-27,73.3
"778","amount",2012-08-03,55.4
"779","amount",2012-08-10,32.6
"780","amount",2012-08-17,18.6
"781","amount",2012-08-24,9.5
"782","amount",2012-08-31,2.3
"783","amount",2012-09-07,1.8
"784","amount",2012-09-14,2.7
"785","amount",2012-09-21,4.3
"786","amount",2012-09-28,9.1
"787","amount",2012-10-05,2.5
"788","amount",2012-10-12,4
"789","amount",2012-10-19,3.1
"790","amount",2012-10-26,4
"791","amount",2012-11-02,0.1
"792","amount",2012-11-09,4.45
"793","amount",2012-11-16,10.5
"794","amount",2012-11-23,0.5
"795","amount",2012-11-30,3.2
"796","amount",2012-12-07,1.6
"797","amount",2012-12-14,1
"798","amount",2012-12-21,0.1
"799","amount",2012-12-28,14
"800","amount",2013-01-04,4.1
"801","amount",2013-01-11,7
"802","amount",2013-01-18,6.25
"803","amount",2013-01-25,0.7
"804","amount",2013-02-01,0
"805","amount",2013-02-08,9.4
"806","amount",2013-02-15,0
"807","amount",2013-02-22,0
"808","amount",2013-03-01,0
"809","amount",2013-03-08,1
"810","amount",2013-03-15,0
"811","amount",2013-03-22,22.8
"812","amount",2013-03-29,0.2
"813","amount",2013-04-05,18.2
"814","amount",2013-04-12,20.4
"815","amount",2013-04-19,20.7
"816","amount",2013-04-26,21
"817","amount",2013-05-03,0.6
"818","amount",2013-05-10,12.8
"819","amount",2013-05-17,6.7
"820","amount",2013-05-24,18.6
"821","amount",2013-05-31,15.8
"822","amount",2013-06-07,40.1
"823","amount",2013-06-14,41.1
"824","amount",2013-06-21,23.55
"825","amount",2013-06-28,9.5
"826","amount",2013-07-05,0.3
"827","amount",2013-07-12,106.5
"828","amount",2013-07-19,35.2
"829","amount",2013-07-26,2.6
"830","amount",2013-08-02,4.7
"831","amount",2013-08-09,27.2
"832","amount",2013-08-16,46.6
"833","amount",2013-08-23,25.8
"834","amount",2013-08-30,18.1
"835","amount",2013-09-06,26.2
"836","amount",2013-09-13,4.8
"837","amount",2013-09-20,1.4
"838","amount",2013-09-27,62.1
"839","amount",2013-10-04,8.2
"840","amount",2013-10-11,7.6
"841","amount",2013-10-18,12.1
"842","amount",2013-10-25,7.7
"843","amount",2013-11-01,6.7
"844","amount",2013-11-08,13.1
"845","amount",2013-11-15,0.8
"846","amount",2013-11-22,0
"847","amount",2013-11-29,71.3
"848","amount",2013-12-06,14.7
"849","amount",2013-12-13,1.6
"850","amount",2013-12-20,14.4
"851","amount",2013-12-27,13.6
"852","amount",2014-01-03,3.4
"853","amount",2014-01-10,1.3
"854","amount",2014-01-17,0
"855","amount",2014-01-24,20.2
"856","amount",2014-01-31,18.3
"857","amount",2014-02-07,17.3
"858","amount",2014-02-14,19.6
"859","amount",2014-02-21,0
"860","amount",2014-02-28,0.1
"861","amount",2014-03-07,1.4
"862","amount",2014-03-14,0.2
"863","amount",2014-03-21,7.4
"864","amount",2014-03-28,6.4
"865","amount",2014-04-04,0.5
"866","amount",2014-04-11,55.8
"867","amount",2014-04-18,73.6
"868","amount",2014-04-25,4.3
"869","amount",2014-05-02,0.6
"870","amount",2014-05-09,1.7
"871","amount",2014-05-16,14.6
"872","amount",2014-05-23,0.2
"873","amount",2014-05-30,2.7
"874","amount",2014-06-06,8
"875","amount",2014-06-13,88.1
"876","amount",2014-06-20,2.4
"877","amount",2014-06-27,0.7
"878","amount",2014-07-04,4.2
"879","amount",2014-07-11,8.1
"880","amount",2014-07-18,2.1
"881","amount",2014-07-25,41.6
"882","amount",2014-08-01,0.1
"883","amount",2014-08-08,15.4
"884","amount",2014-08-15,8.1
"885","amount",2014-08-22,18.8
"886","amount",2014-08-29,1
"887","amount",2014-09-05,28.1
"888","amount",2014-09-12,9.6
"889","amount",2014-09-19,3.9
"890","amount",2014-09-26,3.1
"891","amount",2014-10-03,20.7
"892","amount",2014-10-10,4.3
"893","amount",2014-10-17,0
"894","amount",2014-10-24,24.7
"895","amount",2014-10-31,8.8
"896","amount",2014-11-07,15.7
"897","amount",2014-11-14,1.9
"898","amount",2014-11-21,1.9
"899","amount",2014-11-28,6.1
"900","amount",2014-12-05,4.2
"901","amount",2014-12-12,31
"902","amount",2014-12-19,26.8
"903","amount",2014-12-26,0
"904","amount",2015-01-02,0
"905","amount",2015-01-09,0.2
"906","amount",2015-01-16,6.1
"907","amount",2015-01-23,11.3
"908","amount",2015-01-30,5
"909","amount",2015-02-06,4.5
"910","amount",2015-02-13,7.3
"911","amount",2015-02-20,0.1
"912","amount",2015-02-27,5.7
"913","amount",2015-03-06,0.1
"914","amount",2015-03-13,14.4
"915","amount",2015-03-20,38.8
"916","amount",2015-03-27,0
"917","amount",2015-04-03,3
"918","amount",2015-04-10,48.3
"919","amount",2015-04-17,2.9
"920","amount",2015-04-24,3.3
"921","amount",2015-05-01,1.4
"922","amount",2015-05-08,0.2
"923","amount",2015-05-15,16
"924","amount",2015-05-22,0.5
"925","amount",2015-05-29,29.3
"926","amount",2015-06-05,6
"927","amount",2015-06-12,2.2
"928","amount",2015-06-19,3.8
"929","amount",2015-06-26,20.8
"930","amount",2015-07-03,0.8
"931","amount",2015-07-10,25.9
"932","amount",2015-07-17,2.2
"933","amount",2015-07-24,13
"934","amount",2015-07-31,6.2
"935","amount",2015-08-07,8.4
"936","amount",2015-08-14,6.1
"937","amount",2015-08-21,17.9
"938","amount",2015-08-28,4.6
"939","amount",2015-09-04,15.6
"940","amount",2015-09-11,0.9
"941","amount",2015-09-18,0.1
"942","amount",2015-09-25,153.3
"943","amount",2015-10-02,1.8
"944","amount",2015-10-09,0
"945","amount",2015-10-16,3.9
"946","amount",2015-10-23,6.9
"947","amount",2015-10-30,12.4
"948","amount",2015-11-06,35.7
"949","amount",2015-11-13,11.5
"950","amount",2015-11-20,13.1
"951","amount",2015-11-27,0.3
"952","amount",2015-12-04,4.8
"953","amount",2015-12-11,1.4
"954","amount",2015-12-18,15.7
"955","amount",2015-12-25,1.2
"956","amount",2016-01-01,0.2
"957","amount",2016-01-08,31.3
"958","amount",2016-01-15,1.2
"959","amount",2016-01-22,6.4
"960","amount",2016-01-29,23.95
"961","amount",2016-02-05,1.5
"962","amount",2016-02-12,1.1
"963","amount",2016-02-19,6.1
"964","amount",2016-02-26,0.4
"965","amount",2016-03-04,8.2
"966","amount",2016-03-11,0.5
"967","amount",2016-03-18,14.7
"968","amount",2016-03-25,46.2
"969","amount",2016-04-01,3.4
"970","amount",2016-04-08,6.95
"971","amount",2016-04-15,5.45
"972","amount",2016-04-22,3.9
"973","amount",2016-04-29,0.7
"974","amount",2016-05-06,0.8
"975","amount",2016-05-13,0.4
"976","amount",2016-05-20,8.7
"977","amount",2016-05-27,4.7
"978","amount",2016-06-03,0.8
"979","amount",2016-06-10,1.6
"980","amount",2016-06-17,1.2
"981","amount",2016-06-24,9.2
"982","amount",2016-07-01,51.1
"983","amount",2016-07-08,45
"984","amount",2016-07-15,8.1
"985","amount",2016-07-22,1.7
"986","amount",2016-07-29,1.2
"987","amount",2016-08-05,90.7
"988","amount",2016-08-12,41.6
"989","amount",2016-08-19,7.8
"990","amount",2016-08-26,18.3
"991","amount",2016-09-02,0.1
"992","amount",2016-09-09,29.9
"993","amount",2016-09-16,1.5
"994","amount",2016-09-23,29.2
"995","amount",2016-09-30,21.4
"996","amount",2016-10-07,8.3
"997","amount",2016-10-14,1.3
"998","amount",2016-10-21,9.6
"999","amount",2016-10-28,0.1
"1000","amount",2016-11-04,11.3
"1001","amount",2016-11-11,6.1
"1002","amount",2016-11-18,12.2
"1003","amount",2016-11-25,0.1
"1004","amount",2016-12-02,7
"1005","amount",2016-12-09,1.7
"1006","amount",2016-12-16,0.3
"1007","amount",2016-12-23,10.8
"1008","amount",2016-12-30,0.4
"1009","runoff",1997-09-12,NA
"1010","runoff",1997-09-19,NA
"1011","runoff",1997-09-26,NA
"1012","runoff",1997-10-03,NA
"1013","runoff",1997-10-10,NA
"1014","runoff",1997-10-17,NA
"1015","runoff",1997-10-24,NA
"1016","runoff",1997-10-31,NA
"1017","runoff",1997-11-07,NA
"1018","runoff",1997-11-14,NA
"1019","runoff",1997-11-21,NA
"1020","runoff",1997-11-28,0
"1021","runoff",1997-12-05,0
"1022","runoff",1997-12-12,0
"1023","runoff",1997-12-19,0
"1024","runoff",1997-12-26,0
"1025","runoff",1998-01-02,0
"1026","runoff",1998-01-09,0
"1027","runoff",1998-01-16,0
"1028","runoff",1998-01-23,0
"1029","runoff",1998-01-30,0
"1030","runoff",1998-02-06,0
"1031","runoff",1998-02-13,0
"1032","runoff",1998-02-20,0
"1033","runoff",1998-02-27,0
"1034","runoff",1998-03-06,0
"1035","runoff",1998-03-13,0
"1036","runoff",1998-03-20,0
"1037","runoff",1998-03-27,0
"1038","runoff",1998-04-03,0
"1039","runoff",1998-04-10,0
"1040","runoff",1998-04-17,0
"1041","runoff",1998-04-24,0
"1042","runoff",1998-05-01,0
"1043","runoff",1998-05-08,0
"1044","runoff",1998-05-15,0
"1045","runoff",1998-05-22,0
"1046","runoff",1998-05-29,0
"1047","runoff",1998-06-05,0
"1048","runoff",1998-06-12,0
"1049","runoff",1998-06-19,0
"1050","runoff",1998-06-26,0
"1051","runoff",1998-07-03,0
"1052","runoff",1998-07-10,0
"1053","runoff",1998-07-17,27
"1054","runoff",1998-07-24,0
"1055","runoff",1998-07-31,31.1
"1056","runoff",1998-08-07,0
"1057","runoff",1998-08-14,4.9
"1058","runoff",1998-08-21,6.8
"1059","runoff",1998-08-28,0
"1060","runoff",1998-09-04,0
"1061","runoff",1998-09-11,0
"1062","runoff",1998-09-18,0
"1063","runoff",1998-09-25,0
"1064","runoff",1998-10-02,0
"1065","runoff",1998-10-09,0
"1066","runoff",1998-10-16,0
"1067","runoff",1998-10-23,0
"1068","runoff",1998-10-30,0
"1069","runoff",1998-11-06,0
"1070","runoff",1998-11-13,0
"1071","runoff",1998-11-20,0
"1072","runoff",1998-11-27,0
"1073","runoff",1998-12-04,0
"1074","runoff",1998-12-11,0
"1075","runoff",1998-12-18,0
"1076","runoff",1998-12-25,0
"1077","runoff",1999-01-01,0
"1078","runoff",1999-01-08,0
"1079","runoff",1999-01-15,0
"1080","runoff",1999-01-22,0
"1081","runoff",1999-01-29,0
"1082","runoff",1999-02-05,0
"1083","runoff",1999-02-12,0
"1084","runoff",1999-02-19,0
"1085","runoff",1999-02-26,0
"1086","runoff",1999-03-05,0
"1087","runoff",1999-03-12,0
"1088","runoff",1999-03-19,0
"1089","runoff",1999-03-26,0
"1090","runoff",1999-04-02,0
"1091","runoff",1999-04-09,0
"1092","runoff",1999-04-16,0
"1093","runoff",1999-04-23,0
"1094","runoff",1999-04-30,0
"1095","runoff",1999-05-07,26.6
"1096","runoff",1999-05-14,0
"1097","runoff",1999-05-21,0
"1098","runoff",1999-05-28,0
"1099","runoff",1999-06-04,81.1
"1100","runoff",1999-06-11,14
"1101","runoff",1999-06-18,0.5
"1102","runoff",1999-06-25,0
"1103","runoff",1999-07-02,0
"1104","runoff",1999-07-09,0
"1105","runoff",1999-07-16,12.6
"1106","runoff",1999-07-23,0.1
"1107","runoff",1999-07-30,6.9
"1108","runoff",1999-08-06,5.5
"1109","runoff",1999-08-13,0
"1110","runoff",1999-08-20,0
"1111","runoff",1999-08-27,0
"1112","runoff",1999-09-03,0
"1113","runoff",1999-09-10,0
"1114","runoff",1999-09-17,0
"1115","runoff",1999-09-24,0
"1116","runoff",1999-10-01,0
"1117","runoff",1999-10-08,0
"1118","runoff",1999-10-15,0
"1119","runoff",1999-10-22,0
"1120","runoff",1999-10-29,0
"1121","runoff",1999-11-05,0
"1122","runoff",1999-11-12,0
"1123","runoff",1999-11-19,0
"1124","runoff",1999-11-26,0
"1125","runoff",1999-12-03,0
"1126","runoff",1999-12-10,0
"1127","runoff",1999-12-17,0
"1128","runoff",1999-12-24,0
"1129","runoff",1999-12-31,0
"1130","runoff",2000-01-07,0
"1131","runoff",2000-01-14,0
"1132","runoff",2000-01-21,0
"1133","runoff",2000-01-28,0
"1134","runoff",2000-02-04,0
"1135","runoff",2000-02-11,0
"1136","runoff",2000-02-18,0
"1137","runoff",2000-02-25,0
"1138","runoff",2000-03-03,0
"1139","runoff",2000-03-10,0
"1140","runoff",2000-03-17,0
"1141","runoff",2000-03-24,0
"1142","runoff",2000-03-31,0
"1143","runoff",2000-04-07,0
"1144","runoff",2000-04-14,0
"1145","runoff",2000-04-21,0
"1146","runoff",2000-04-28,0
"1147","runoff",2000-05-05,0
"1148","runoff",2000-05-12,0
"1149","runoff",2000-05-19,0
"1150","runoff",2000-05-26,0
"1151","runoff",2000-06-02,0
"1152","runoff",2000-06-09,3.2
"1153","runoff",2000-06-16,1.6
"1154","runoff",2000-06-23,0
"1155","runoff",2000-06-30,0
"1156","runoff",2000-07-07,75.1
"1157","runoff",2000-07-14,26.2
"1158","runoff",2000-07-21,10.3
"1159","runoff",2000-07-28,0
"1160","runoff",2000-08-04,0
"1161","runoff",2000-08-11,0
"1162","runoff",2000-08-18,0
"1163","runoff",2000-08-25,0
"1164","runoff",2000-09-01,0
"1165","runoff",2000-09-08,0
"1166","runoff",2000-09-15,0
"1167","runoff",2000-09-22,0
"1168","runoff",2000-09-29,0
"1169","runoff",2000-10-06,0
"1170","runoff",2000-10-13,0
"1171","runoff",2000-10-20,0
"1172","runoff",2000-10-27,0
"1173","runoff",2000-11-03,0
"1174","runoff",2000-11-10,0
"1175","runoff",2000-11-17,0
"1176","runoff",2000-11-24,0
"1177","runoff",2000-12-01,0
"1178","runoff",2000-12-08,0
"1179","runoff",2000-12-15,0
"1180","runoff",2000-12-22,0
"1181","runoff",2000-12-29,0
"1182","runoff",2001-01-05,0
"1183","runoff",2001-01-12,0
"1184","runoff",2001-01-19,0
"1185","runoff",2001-01-26,0
"1186","runoff",2001-02-02,0
"1187","runoff",2001-02-09,0
"1188","runoff",2001-02-16,0
"1189","runoff",2001-02-23,0
"1190","runoff",2001-03-02,0
"1191","runoff",2001-03-09,0
"1192","runoff",2001-03-16,0
"1193","runoff",2001-03-23,0
"1194","runoff",2001-03-30,0
"1195","runoff",2001-04-06,0
"1196","runoff",2001-04-13,0
"1197","runoff",2001-04-20,0
"1198","runoff",2001-04-27,0
"1199","runoff",2001-05-04,0
"1200","runoff",2001-05-11,0
"1201","runoff",2001-05-18,0
"1202","runoff",2001-05-25,0
"1203","runoff",2001-06-01,0
"1204","runoff",2001-06-08,0
"1205","runoff",2001-06-15,0
"1206","runoff",2001-06-22,0
"1207","runoff",2001-06-29,0
"1208","runoff",2001-07-06,0
"1209","runoff",2001-07-13,0
"1210","runoff",2001-07-20,0
"1211","runoff",2001-07-27,0.5
"1212","runoff",2001-08-03,0
"1213","runoff",2001-08-10,0
"1214","runoff",2001-08-17,35.7
"1215","runoff",2001-08-24,0
"1216","runoff",2001-08-31,0
"1217","runoff",2001-09-07,5.7
"1218","runoff",2001-09-14,0
"1219","runoff",2001-09-21,0
"1220","runoff",2001-09-28,0
"1221","runoff",2001-10-05,0
"1222","runoff",2001-10-12,3.5
"1223","runoff",2001-10-19,0
"1224","runoff",2001-10-26,8.8
"1225","runoff",2001-11-02,8.8
"1226","runoff",2001-11-09,0
"1227","runoff",2001-11-16,0
"1228","runoff",2001-11-23,0
"1229","runoff",2001-11-30,0
"1230","runoff",2001-12-07,0
"1231","runoff",2001-12-14,0
"1232","runoff",2001-12-21,0
"1233","runoff",2001-12-28,0
"1234","runoff",2002-01-04,0
"1235","runoff",2002-01-11,0
"1236","runoff",2002-01-18,0
"1237","runoff",2002-01-25,0
"1238","runoff",2002-02-01,0
"1239","runoff",2002-02-08,0
"1240","runoff",2002-02-15,0
"1241","runoff",2002-02-22,0
"1242","runoff",2002-03-01,0
"1243","runoff",2002-03-08,0
"1244","runoff",2002-03-15,0
"1245","runoff",2002-03-22,0
"1246","runoff",2002-03-29,0
"1247","runoff",2002-04-05,0
"1248","runoff",2002-04-12,0
"1249","runoff",2002-04-19,0
"1250","runoff",2002-04-26,0
"1251","runoff",2002-05-03,0
"1252","runoff",2002-05-10,0
"1253","runoff",2002-05-17,0
"1254","runoff",2002-05-24,0
"1255","runoff",2002-05-31,0
"1256","runoff",2002-06-07,0
"1257","runoff",2002-06-14,0
"1258","runoff",2002-06-21,0
"1259","runoff",2002-06-28,0
"1260","runoff",2002-07-05,7.4
"1261","runoff",2002-07-12,0
"1262","runoff",2002-07-19,19.7
"1263","runoff",2002-07-26,44.1
"1264","runoff",2002-08-02,19
"1265","runoff",2002-08-09,24.7
"1266","runoff",2002-08-16,0
"1267","runoff",2002-08-23,0
"1268","runoff",2002-08-30,0
"1269","runoff",2002-09-06,0
"1270","runoff",2002-09-13,0
"1271","runoff",2002-09-20,0
"1272","runoff",2002-09-27,0
"1273","runoff",2002-10-04,0
"1274","runoff",2002-10-11,0
"1275","runoff",2002-10-18,0
"1276","runoff",2002-10-25,0
"1277","runoff",2002-11-01,0
"1278","runoff",2002-11-08,0
"1279","runoff",2002-11-15,0
"1280","runoff",2002-11-22,0
"1281","runoff",2002-11-29,0
"1282","runoff",2002-12-06,0
"1283","runoff",2002-12-13,0
"1284","runoff",2002-12-20,0
"1285","runoff",2002-12-27,0
"1286","runoff",2003-01-03,0
"1287","runoff",2003-01-10,0
"1288","runoff",2003-01-17,0
"1289","runoff",2003-01-24,0
"1290","runoff",2003-01-31,0
"1291","runoff",2003-02-07,0
"1292","runoff",2003-02-14,0
"1293","runoff",2003-02-21,0
"1294","runoff",2003-02-28,0
"1295","runoff",2003-03-07,0
"1296","runoff",2003-03-14,0
"1297","runoff",2003-03-21,0
"1298","runoff",2003-03-28,0
"1299","runoff",2003-04-04,0
"1300","runoff",2003-04-11,0
"1301","runoff",2003-04-18,0
"1302","runoff",2003-04-25,0
"1303","runoff",2003-05-02,0
"1304","runoff",2003-05-09,0
"1305","runoff",2003-05-16,0
"1306","runoff",2003-05-23,0
"1307","runoff",2003-05-30,0
"1308","runoff",2003-06-06,0
"1309","runoff",2003-06-13,0
"1310","runoff",2003-06-20,0
"1311","runoff",2003-06-27,0
"1312","runoff",2003-07-04,0
"1313","runoff",2003-07-11,0
"1314","runoff",2003-07-18,0
"1315","runoff",2003-07-25,0
"1316","runoff",2003-08-01,0
"1317","runoff",2003-08-08,0
"1318","runoff",2003-08-15,0
"1319","runoff",2003-08-22,45
"1320","runoff",2003-08-29,45.6
"1321","runoff",2003-09-05,39.8
"1322","runoff",2003-09-12,52.8
"1323","runoff",2003-09-19,0
"1324","runoff",2003-09-26,0
"1325","runoff",2003-10-03,0
"1326","runoff",2003-10-10,0
"1327","runoff",2003-10-17,0
"1328","runoff",2003-10-24,0
"1329","runoff",2003-10-31,0
"1330","runoff",2003-11-07,0
"1331","runoff",2003-11-14,0
"1332","runoff",2003-11-21,0
"1333","runoff",2003-11-28,0
"1334","runoff",2003-12-05,0
"1335","runoff",2003-12-12,0
"1336","runoff",2003-12-19,0
"1337","runoff",2003-12-26,0
"1338","runoff",2004-01-02,0
"1339","runoff",2004-01-09,0
"1340","runoff",2004-01-16,0
"1341","runoff",2004-01-23,0
"1342","runoff",2004-01-30,0
"1343","runoff",2004-02-06,0
"1344","runoff",2004-02-13,0
"1345","runoff",2004-02-20,0
"1346","runoff",2004-02-27,0
"1347","runoff",2004-03-05,0
"1348","runoff",2004-03-12,0
"1349","runoff",2004-03-19,0
"1350","runoff",2004-03-26,0
"1351","runoff",2004-04-02,0
"1352","runoff",2004-04-09,0
"1353","runoff",2004-04-16,0
"1354","runoff",2004-04-23,0
"1355","runoff",2004-04-30,0
"1356","runoff",2004-05-07,0
"1357","runoff",2004-05-14,0
"1358","runoff",2004-05-21,0
"1359","runoff",2004-05-28,0
"1360","runoff",2004-06-04,0
"1361","runoff",2004-06-11,0
"1362","runoff",2004-06-18,0
"1363","runoff",2004-06-25,0
"1364","runoff",2004-07-02,35.1
"1365","runoff",2004-07-09,0
"1366","runoff",2004-07-16,8
"1367","runoff",2004-07-23,40.7
"1368","runoff",2004-07-30,3.4
"1369","runoff",2004-08-06,2.1
"1370","runoff",2004-08-13,0
"1371","runoff",2004-08-20,22.6
"1372","runoff",2004-08-27,0
"1373","runoff",2004-09-03,0
"1374","runoff",2004-09-10,0
"1375","runoff",2004-09-17,0
"1376","runoff",2004-09-24,0
"1377","runoff",2004-10-01,0
"1378","runoff",2004-10-08,0
"1379","runoff",2004-10-15,0
"1380","runoff",2004-10-22,0
"1381","runoff",2004-10-29,0
"1382","runoff",2004-11-05,0
"1383","runoff",2004-11-12,0
"1384","runoff",2004-11-19,0
"1385","runoff",2004-11-26,0
"1386","runoff",2004-12-03,0
"1387","runoff",2004-12-10,0
"1388","runoff",2004-12-17,0
"1389","runoff",2004-12-24,0
"1390","runoff",2004-12-31,0
"1391","runoff",2005-01-07,0
"1392","runoff",2005-01-14,0
"1393","runoff",2005-01-21,0
"1394","runoff",2005-01-28,0
"1395","runoff",2005-02-04,0
"1396","runoff",2005-02-11,0
"1397","runoff",2005-02-18,0
"1398","runoff",2005-02-25,0
"1399","runoff",2005-03-04,0
"1400","runoff",2005-03-11,0
"1401","runoff",2005-03-18,0
"1402","runoff",2005-03-25,0
"1403","runoff",2005-04-01,0
"1404","runoff",2005-04-08,0
"1405","runoff",2005-04-15,0
"1406","runoff",2005-04-22,0
"1407","runoff",2005-04-29,0
"1408","runoff",2005-05-06,0
"1409","runoff",2005-05-13,0
"1410","runoff",2005-05-20,19.4
"1411","runoff",2005-05-27,0
"1412","runoff",2005-06-03,4.8
"1413","runoff",2005-06-10,0
"1414","runoff",2005-06-17,63.6
"1415","runoff",2005-06-24,8.9
"1416","runoff",2005-07-01,12.45
"1417","runoff",2005-07-08,0
"1418","runoff",2005-07-15,20.55
"1419","runoff",2005-07-22,64.75
"1420","runoff",2005-07-29,0
"1421","runoff",2005-08-05,0.75
"1422","runoff",2005-08-12,0
"1423","runoff",2005-08-19,0
"1424","runoff",2005-08-26,0
"1425","runoff",2005-09-02,0
"1426","runoff",2005-09-09,0
"1427","runoff",2005-09-16,0
"1428","runoff",2005-09-23,0
"1429","runoff",2005-09-30,0
"1430","runoff",2005-10-07,0
"1431","runoff",2005-10-14,0
"1432","runoff",2005-10-21,55.7
"1433","runoff",2005-10-28,0
"1434","runoff",2005-11-04,0
"1435","runoff",2005-11-11,0
"1436","runoff",2005-11-18,0
"1437","runoff",2005-11-25,0
"1438","runoff",2005-12-02,0
"1439","runoff",2005-12-09,0
"1440","runoff",2005-12-16,0
"1441","runoff",2005-12-23,0
"1442","runoff",2005-12-30,0
"1443","runoff",2006-01-06,0
"1444","runoff",2006-01-13,0
"1445","runoff",2006-01-20,0
"1446","runoff",2006-01-27,0
"1447","runoff",2006-02-03,0
"1448","runoff",2006-02-10,0
"1449","runoff",2006-02-17,0
"1450","runoff",2006-02-24,0
"1451","runoff",2006-03-03,0
"1452","runoff",2006-03-10,0
"1453","runoff",2006-03-17,0
"1454","runoff",2006-03-24,0
"1455","runoff",2006-03-31,0
"1456","runoff",2006-04-07,0
"1457","runoff",2006-04-14,0
"1458","runoff",2006-04-21,0
"1459","runoff",2006-04-28,0
"1460","runoff",2006-05-05,71.15
"1461","runoff",2006-05-12,0.15
"1462","runoff",2006-05-19,0
"1463","runoff",2006-05-26,0
"1464","runoff",2006-06-02,0
"1465","runoff",2006-06-09,0
"1466","runoff",2006-06-16,0
"1467","runoff",2006-06-23,46.25
"1468","runoff",2006-06-30,12.4
"1469","runoff",2006-07-07,67.8
"1470","runoff",2006-07-14,18.1
"1471","runoff",2006-07-21,66.7
"1472","runoff",2006-07-28,0
"1473","runoff",2006-08-04,0
"1474","runoff",2006-08-11,30.75
"1475","runoff",2006-08-18,0
"1476","runoff",2006-08-25,0
"1477","runoff",2006-09-01,0
"1478","runoff",2006-09-08,0
"1479","runoff",2006-09-15,0
"1480","runoff",2006-09-22,0
"1481","runoff",2006-09-29,0
"1482","runoff",2006-10-06,0
"1483","runoff",2006-10-13,0
"1484","runoff",2006-10-20,0
"1485","runoff",2006-10-27,0
"1486","runoff",2006-11-03,0
"1487","runoff",2006-11-10,0
"1488","runoff",2006-11-17,0
"1489","runoff",2006-11-24,0
"1490","runoff",2006-12-01,0
"1491","runoff",2006-12-08,0
"1492","runoff",2006-12-15,0
"1493","runoff",2006-12-22,0
"1494","runoff",2006-12-29,0
"1495","runoff",2007-01-05,0
"1496","runoff",2007-01-12,0
"1497","runoff",2007-01-19,0
"1498","runoff",2007-01-26,0
"1499","runoff",2007-02-02,0
"1500","runoff",2007-02-09,0
"1501","runoff",2007-02-16,0
"1502","runoff",2007-02-23,0
"1503","runoff",2007-03-02,0
"1504","runoff",2007-03-09,0
"1505","runoff",2007-03-16,0
"1506","runoff",2007-03-23,0
"1507","runoff",2007-03-30,0
"1508","runoff",2007-04-06,0
"1509","runoff",2007-04-13,0
"1510","runoff",2007-04-20,0
"1511","runoff",2007-04-27,0
"1512","runoff",2007-05-04,0
"1513","runoff",2007-05-11,0
"1514","runoff",2007-05-18,0
"1515","runoff",2007-05-25,0
"1516","runoff",2007-06-01,0
"1517","runoff",2007-06-08,0
"1518","runoff",2007-06-15,0
"1519","runoff",2007-06-22,0
"1520","runoff",2007-06-29,0
"1521","runoff",2007-07-06,0
"1522","runoff",2007-07-13,0
"1523","runoff",2007-07-20,98.65
"1524","runoff",2007-07-27,2.35
"1525","runoff",2007-08-03,7.95
"1526","runoff",2007-08-10,0
"1527","runoff",2007-08-17,0
"1528","runoff",2007-08-24,0
"1529","runoff",2007-08-31,10.5
"1530","runoff",2007-09-07,2.25
"1531","runoff",2007-09-14,10.65
"1532","runoff",2007-09-21,0
"1533","runoff",2007-09-28,0
"1534","runoff",2007-10-05,0
"1535","runoff",2007-10-12,0
"1536","runoff",2007-10-19,0
"1537","runoff",2007-10-26,0
"1538","runoff",2007-11-02,0
"1539","runoff",2007-11-09,0
"1540","runoff",2007-11-16,0
"1541","runoff",2007-11-23,0
"1542","runoff",2007-11-30,0
"1543","runoff",2007-12-07,0
"1544","runoff",2007-12-14,0
"1545","runoff",2007-12-21,0
"1546","runoff",2007-12-28,0
"1547","runoff",2008-01-04,0
"1548","runoff",2008-01-11,0
"1549","runoff",2008-01-18,0
"1550","runoff",2008-01-25,0
"1551","runoff",2008-02-01,0
"1552","runoff",2008-02-08,0
"1553","runoff",2008-02-15,0
"1554","runoff",2008-02-22,0
"1555","runoff",2008-02-29,0
"1556","runoff",2008-03-07,0
"1557","runoff",2008-03-14,0
"1558","runoff",2008-03-21,0
"1559","runoff",2008-03-28,0
"1560","runoff",2008-04-04,0
"1561","runoff",2008-04-11,0
"1562","runoff",2008-04-18,0
"1563","runoff",2008-04-25,0
"1564","runoff",2008-05-02,0
"1565","runoff",2008-05-09,0
"1566","runoff",2008-05-16,0
"1567","runoff",2008-05-23,1.25
"1568","runoff",2008-05-30,21.85
"1569","runoff",2008-06-06,2.3
"1570","runoff",2008-06-13,0
"1571","runoff",2008-06-20,15.65
"1572","runoff",2008-06-27,0
"1573","runoff",2008-07-04,10.7
"1574","runoff",2008-07-11,0
"1575","runoff",2008-07-18,0
"1576","runoff",2008-07-25,0
"1577","runoff",2008-08-01,106.55
"1578","runoff",2008-08-08,0
"1579","runoff",2008-08-15,0
"1580","runoff",2008-08-22,0
"1581","runoff",2008-08-29,2.55
"1582","runoff",2008-09-05,0
"1583","runoff",2008-09-12,0
"1584","runoff",2008-09-19,0
"1585","runoff",2008-09-26,0
"1586","runoff",2008-10-03,0
"1587","runoff",2008-10-10,0
"1588","runoff",2008-10-17,0
"1589","runoff",2008-10-24,0
"1590","runoff",2008-10-31,0
"1591","runoff",2008-11-07,0
"1592","runoff",2008-11-14,0
"1593","runoff",2008-11-21,0
"1594","runoff",2008-11-28,0
"1595","runoff",2008-12-05,0
"1596","runoff",2008-12-12,0
"1597","runoff",2008-12-19,0
"1598","runoff",2008-12-26,0
"1599","runoff",2009-01-02,0
"1600","runoff",2009-01-09,0
"1601","runoff",2009-01-16,0
"1602","runoff",2009-01-23,0
"1603","runoff",2009-01-30,0
"1604","runoff",2009-02-06,0
"1605","runoff",2009-02-13,0
"1606","runoff",2009-02-20,0
"1607","runoff",2009-02-27,0
"1608","runoff",2009-03-06,0
"1609","runoff",2009-03-13,0
"1610","runoff",2009-03-20,0
"1611","runoff",2009-03-27,0
"1612","runoff",2009-04-03,0
"1613","runoff",2009-04-10,0
"1614","runoff",2009-04-17,0
"1615","runoff",2009-04-24,0
"1616","runoff",2009-05-01,0
"1617","runoff",2009-05-08,0
"1618","runoff",2009-05-15,0
"1619","runoff",2009-05-22,0
"1620","runoff",2009-05-29,0
"1621","runoff",2009-06-05,0
"1622","runoff",2009-06-12,0
"1623","runoff",2009-06-19,0
"1624","runoff",2009-06-26,0
"1625","runoff",2009-07-03,68.35
"1626","runoff",2009-07-10,16.2
"1627","runoff",2009-07-17,35.65
"1628","runoff",2009-07-24,2.3
"1629","runoff",2009-07-31,0
"1630","runoff",2009-08-07,0
"1631","runoff",2009-08-14,0
"1632","runoff",2009-08-21,13.5
"1633","runoff",2009-08-28,0
"1634","runoff",2009-09-04,0
"1635","runoff",2009-09-11,0
"1636","runoff",2009-09-18,0
"1637","runoff",2009-09-25,0.95
"1638","runoff",2009-10-02,10.05
"1639","runoff",2009-10-09,58.7
"1640","runoff",2009-10-16,0
"1641","runoff",2009-10-23,0
"1642","runoff",2009-10-30,0
"1643","runoff",2009-11-06,0
"1644","runoff",2009-11-13,0
"1645","runoff",2009-11-20,0
"1646","runoff",2009-11-27,0
"1647","runoff",2009-12-04,0
"1648","runoff",2009-12-11,0
"1649","runoff",2009-12-18,0
"1650","runoff",2009-12-25,0
"1651","runoff",2010-01-01,0
"1652","runoff",2010-01-08,0
"1653","runoff",2010-01-15,0
"1654","runoff",2010-01-22,0
"1655","runoff",2010-01-29,0
"1656","runoff",2010-02-05,0
"1657","runoff",2010-02-12,0
"1658","runoff",2010-02-19,0
"1659","runoff",2010-02-26,0
"1660","runoff",2010-03-05,0
"1661","runoff",2010-03-12,0
"1662","runoff",2010-03-19,0
"1663","runoff",2010-03-26,0
"1664","runoff",2010-04-02,0
"1665","runoff",2010-04-09,0
"1666","runoff",2010-04-16,0
"1667","runoff",2010-04-23,0
"1668","runoff",2010-04-30,0
"1669","runoff",2010-05-07,0
"1670","runoff",2010-05-14,0
"1671","runoff",2010-05-21,0
"1672","runoff",2010-05-28,6.5
"1673","runoff",2010-06-04,91.35
"1674","runoff",2010-06-11,11.2
"1675","runoff",2010-06-18,0
"1676","runoff",2010-06-25,32.4
"1677","runoff",2010-07-02,23.6
"1678","runoff",2010-07-09,41.9
"1679","runoff",2010-07-16,4.8
"1680","runoff",2010-07-23,25.3
"1681","runoff",2010-07-30,0.9
"1682","runoff",2010-08-06,2.8
"1683","runoff",2010-08-13,2.9
"1684","runoff",2010-08-20,18.2
"1685","runoff",2010-08-27,0
"1686","runoff",2010-09-03,21.7
"1687","runoff",2010-09-10,5.8
"1688","runoff",2010-09-17,1
"1689","runoff",2010-09-24,0
"1690","runoff",2010-10-01,0
"1691","runoff",2010-10-08,0
"1692","runoff",2010-10-15,0.2
"1693","runoff",2010-10-22,0
"1694","runoff",2010-10-29,0
"1695","runoff",2010-11-05,0
"1696","runoff",2010-11-12,0
"1697","runoff",2010-11-19,0
"1698","runoff",2010-11-26,0
"1699","runoff",2010-12-03,0
"1700","runoff",2010-12-10,0
"1701","runoff",2010-12-17,0
"1702","runoff",2010-12-24,0
"1703","runoff",2010-12-31,0
"1704","runoff",2011-01-07,0
"1705","runoff",2011-01-14,0
"1706","runoff",2011-01-21,0
"1707","runoff",2011-01-28,10.55
"1708","runoff",2011-02-04,0
"1709","runoff",2011-02-11,0
"1710","runoff",2011-02-18,0
"1711","runoff",2011-02-25,0
"1712","runoff",2011-03-04,0
"1713","runoff",2011-03-11,0
"1714","runoff",2011-03-18,0
"1715","runoff",2011-03-25,0
"1716","runoff",2011-04-01,0
"1717","runoff",2011-04-08,0
"1718","runoff",2011-04-15,0
"1719","runoff",2011-04-22,0
"1720","runoff",2011-04-29,50.85
"1721","runoff",2011-05-06,16.55
"1722","runoff",2011-05-13,3
"1723","runoff",2011-05-20,0
"1724","runoff",2011-05-27,2
"1725","runoff",2011-06-03,0
"1726","runoff",2011-06-10,0
"1727","runoff",2011-06-17,0
"1728","runoff",2011-06-24,0
"1729","runoff",2011-07-01,19.8
"1730","runoff",2011-07-08,28.75
"1731","runoff",2011-07-15,0
"1732","runoff",2011-07-22,26
"1733","runoff",2011-07-29,1.3
"1734","runoff",2011-08-05,0
"1735","runoff",2011-08-12,0
"1736","runoff",2011-08-19,7.85
"1737","runoff",2011-08-26,0
"1738","runoff",2011-09-02,0
"1739","runoff",2011-09-09,0
"1740","runoff",2011-09-16,0
"1741","runoff",2011-09-23,0
"1742","runoff",2011-09-30,0
"1743","runoff",2011-10-07,0
"1744","runoff",2011-10-14,0
"1745","runoff",2011-10-21,0
"1746","runoff",2011-10-28,0
"1747","runoff",2011-11-04,0
"1748","runoff",2011-11-11,0
"1749","runoff",2011-11-18,0
"1750","runoff",2011-11-25,0
"1751","runoff",2011-12-02,0
"1752","runoff",2011-12-09,0
"1753","runoff",2011-12-16,0
"1754","runoff",2011-12-23,0
"1755","runoff",2011-12-30,0
"1756","runoff",2012-01-06,0
"1757","runoff",2012-01-13,0
"1758","runoff",2012-01-20,0
"1759","runoff",2012-01-27,0
"1760","runoff",2012-02-03,0
"1761","runoff",2012-02-10,0
"1762","runoff",2012-02-17,0
"1763","runoff",2012-02-24,0
"1764","runoff",2012-03-02,0
"1765","runoff",2012-03-09,0
"1766","runoff",2012-03-16,0
"1767","runoff",2012-03-23,0
"1768","runoff",2012-03-30,0
"1769","runoff",2012-04-06,0.15
"1770","runoff",2012-04-13,8.4
"1771","runoff",2012-04-20,0
"1772","runoff",2012-04-27,0
"1773","runoff",2012-05-04,0
"1774","runoff",2012-05-11,9.75
"1775","runoff",2012-05-18,0
"1776","runoff",2012-05-25,0
"1777","runoff",2012-06-01,0
"1778","runoff",2012-06-08,0
"1779","runoff",2012-06-15,0
"1780","runoff",2012-06-22,0
"1781","runoff",2012-06-29,0
"1782","runoff",2012-07-06,42.5
"1783","runoff",2012-07-13,0
"1784","runoff",2012-07-20,0
"1785","runoff",2012-07-27,62.85
"1786","runoff",2012-08-03,49.9
"1787","runoff",2012-08-10,24.9
"1788","runoff",2012-08-17,11.2
"1789","runoff",2012-08-24,1.6
"1790","runoff",2012-08-31,0
"1791","runoff",2012-09-07,0
"1792","runoff",2012-09-14,0
"1793","runoff",2012-09-21,0
"1794","runoff",2012-09-28,0
"1795","runoff",2012-10-05,0
"1796","runoff",2012-10-12,0
"1797","runoff",2012-10-19,0
"1798","runoff",2012-10-26,0
"1799","runoff",2012-11-02,0
"1800","runoff",2012-11-09,0
"1801","runoff",2012-11-16,0
"1802","runoff",2012-11-23,0
"1803","runoff",2012-11-30,0
"1804","runoff",2012-12-07,0
"1805","runoff",2012-12-14,0
"1806","runoff",2012-12-21,0
"1807","runoff",2012-12-28,0
"1808","runoff",2013-01-04,0
"1809","runoff",2013-01-11,0
"1810","runoff",2013-01-18,0
"1811","runoff",2013-01-25,0
"1812","runoff",2013-02-01,0
"1813","runoff",2013-02-08,0
"1814","runoff",2013-02-15,0
"1815","runoff",2013-02-22,0
"1816","runoff",2013-03-01,0
"1817","runoff",2013-03-08,0
"1818","runoff",2013-03-15,0
"1819","runoff",2013-03-22,0
"1820","runoff",2013-03-29,0
"1821","runoff",2013-04-05,0
"1822","runoff",2013-04-12,0
"1823","runoff",2013-04-19,0
"1824","runoff",2013-04-26,0
"1825","runoff",2013-05-03,0
"1826","runoff",2013-05-10,0
"1827","runoff",2013-05-17,0
"1828","runoff",2013-05-24,0
"1829","runoff",2013-05-31,0
"1830","runoff",2013-06-07,0
"1831","runoff",2013-06-14,15.6
"1832","runoff",2013-06-21,19.1
"1833","runoff",2013-06-28,7.1
"1834","runoff",2013-07-05,0
"1835","runoff",2013-07-12,93.8
"1836","runoff",2013-07-19,32.7
"1837","runoff",2013-07-26,0
"1838","runoff",2013-08-02,0
"1839","runoff",2013-08-09,16.2
"1840","runoff",2013-08-16,34.2
"1841","runoff",2013-08-23,19.1
"1842","runoff",2013-08-30,9.1
"1843","runoff",2013-09-06,14.7
"1844","runoff",2013-09-13,0
"1845","runoff",2013-09-20,0
"1846","runoff",2013-09-27,18.6
"1847","runoff",2013-10-04,0
"1848","runoff",2013-10-11,0
"1849","runoff",2013-10-18,0
"1850","runoff",2013-10-25,0
"1851","runoff",2013-11-01,0
"1852","runoff",2013-11-08,0
"1853","runoff",2013-11-15,0
"1854","runoff",2013-11-22,0
"1855","runoff",2013-11-29,0
"1856","runoff",2013-12-06,0
"1857","runoff",2013-12-13,0
"1858","runoff",2013-12-20,0
"1859","runoff",2013-12-27,0
"1860","runoff",2014-01-03,0
"1861","runoff",2014-01-10,0
"1862","runoff",2014-01-17,0
"1863","runoff",2014-01-24,0
"1864","runoff",2014-01-31,0
"1865","runoff",2014-02-07,0
"1866","runoff",2014-02-14,0
"1867","runoff",2014-02-21,0
"1868","runoff",2014-02-28,0
"1869","runoff",2014-03-07,0
"1870","runoff",2014-03-14,0
"1871","runoff",2014-03-21,0
"1872","runoff",2014-03-28,0
"1873","runoff",2014-04-04,0
"1874","runoff",2014-04-11,0
"1875","runoff",2014-04-18,0
"1876","runoff",2014-04-25,0
"1877","runoff",2014-05-02,0
"1878","runoff",2014-05-09,0
"1879","runoff",2014-05-16,0
"1880","runoff",2014-05-23,0
"1881","runoff",2014-05-30,0
"1882","runoff",2014-06-06,0
"1883","runoff",2014-06-13,30.2
"1884","runoff",2014-06-20,0.6
"1885","runoff",2014-06-27,0
"1886","runoff",2014-07-04,0
"1887","runoff",2014-07-11,0
"1888","runoff",2014-07-18,0
"1889","runoff",2014-07-25,25.3
"1890","runoff",2014-08-01,0
"1891","runoff",2014-08-08,0.8
"1892","runoff",2014-08-15,0
"1893","runoff",2014-08-22,7.15
"1894","runoff",2014-08-29,0
"1895","runoff",2014-09-05,10.2
"1896","runoff",2014-09-12,0
"1897","runoff",2014-09-19,0
"1898","runoff",2014-09-26,0
"1899","runoff",2014-10-03,0
"1900","runoff",2014-10-10,0
"1901","runoff",2014-10-17,0
"1902","runoff",2014-10-24,0
"1903","runoff",2014-10-31,0
"1904","runoff",2014-11-07,0
"1905","runoff",2014-11-14,0
"1906","runoff",2014-11-21,0
"1907","runoff",2014-11-28,0
"1908","runoff",2014-12-05,0
"1909","runoff",2014-12-12,0
"1910","runoff",2014-12-19,0
"1911","runoff",2014-12-26,0
"1912","runoff",2015-01-02,0
"1913","runoff",2015-01-09,0
"1914","runoff",2015-01-16,0
"1915","runoff",2015-01-23,0
"1916","runoff",2015-01-30,0
"1917","runoff",2015-02-06,0
"1918","runoff",2015-02-13,0
"1919","runoff",2015-02-20,0
"1920","runoff",2015-02-27,0
"1921","runoff",2015-03-06,0
"1922","runoff",2015-03-13,0
"1923","runoff",2015-03-20,0
"1924","runoff",2015-03-27,0
"1925","runoff",2015-04-03,0
"1926","runoff",2015-04-10,0
"1927","runoff",2015-04-17,0
"1928","runoff",2015-04-24,0
"1929","runoff",2015-05-01,0
"1930","runoff",2015-05-08,0
"1931","runoff",2015-05-15,0
"1932","runoff",2015-05-22,0
"1933","runoff",2015-05-29,0
"1934","runoff",2015-06-05,0
"1935","runoff",2015-06-12,0
"1936","runoff",2015-06-19,0
"1937","runoff",2015-06-26,0
"1938","runoff",2015-07-03,0
"1939","runoff",2015-07-10,0
"1940","runoff",2015-07-17,0
"1941","runoff",2015-07-24,0
"1942","runoff",2015-07-31,0
"1943","runoff",2015-08-07,0
"1944","runoff",2015-08-14,0
"1945","runoff",2015-08-21,0
"1946","runoff",2015-08-28,0
"1947","runoff",2015-09-04,0
"1948","runoff",2015-09-11,0
"1949","runoff",2015-09-18,0
"1950","runoff",2015-09-25,71.95
"1951","runoff",2015-10-02,0
"1952","runoff",2015-10-09,0
"1953","runoff",2015-10-16,0
"1954","runoff",2015-10-23,0
"1955","runoff",2015-10-30,0
"1956","runoff",2015-11-06,0
"1957","runoff",2015-11-13,0
"1958","runoff",2015-11-20,0
"1959","runoff",2015-11-27,0
"1960","runoff",2015-12-04,0
"1961","runoff",2015-12-11,0
"1962","runoff",2015-12-18,0
"1963","runoff",2015-12-25,0
"1964","runoff",2016-01-01,0
"1965","runoff",2016-01-08,0
"1966","runoff",2016-01-15,0
"1967","runoff",2016-01-22,0
"1968","runoff",2016-01-29,0
"1969","runoff",2016-02-05,0
"1970","runoff",2016-02-12,0
"1971","runoff",2016-02-19,0
"1972","runoff",2016-02-26,0
"1973","runoff",2016-03-04,0
"1974","runoff",2016-03-11,0
"1975","runoff",2016-03-18,0
"1976","runoff",2016-03-25,0
"1977","runoff",2016-04-01,0
"1978","runoff",2016-04-08,0
"1979","runoff",2016-04-15,0
"1980","runoff",2016-04-22,0
"1981","runoff",2016-04-29,0
"1982","runoff",2016-05-06,0
"1983","runoff",2016-05-13,0
"1984","runoff",2016-05-20,0
"1985","runoff",2016-05-27,0
"1986","runoff",2016-06-03,0
"1987","runoff",2016-06-10,0
"1988","runoff",2016-06-17,0
"1989","runoff",2016-06-24,0
"1990","runoff",2016-07-01,0
"1991","runoff",2016-07-08,0
"1992","runoff",2016-07-15,0
"1993","runoff",2016-07-22,0
"1994","runoff",2016-07-29,0
"1995","runoff",2016-08-05,46.3
"1996","runoff",2016-08-12,37.4
"1997","runoff",2016-08-19,0
"1998","runoff",2016-08-26,7.8
"1999","runoff",2016-09-02,0
"2000","runoff",2016-09-09,7.7
"2001","runoff",2016-09-16,0
"2002","runoff",2016-09-23,7.85
"2003","runoff",2016-09-30,8
"2004","runoff",2016-10-07,0
"2005","runoff",2016-10-14,0
"2006","runoff",2016-10-21,0
"2007","runoff",2016-10-28,0
"2008","runoff",2016-11-04,0
"2009","runoff",2016-11-11,0
"2010","runoff",2016-11-18,0
"2011","runoff",2016-11-25,0
"2012","runoff",2016-12-02,0
"2013","runoff",2016-12-09,0
"2014","runoff",2016-12-16,0
"2015","runoff",2016-12-23,0
"2016","runoff",2016-12-30,0
"2017","deficit",1997-09-12,NA
"2018","deficit",1997-09-19,NA
"2019","deficit",1997-09-26,NA
"2020","deficit",1997-10-03,NA
"2021","deficit",1997-10-10,NA
"2022","deficit",1997-10-17,NA
"2023","deficit",1997-10-24,NA
"2024","deficit",1997-10-31,NA
"2025","deficit",1997-11-07,NA
"2026","deficit",1997-11-14,NA
"2027","deficit",1997-11-21,NA
"2028","deficit",1997-11-28,-927.8
"2029","deficit",1997-12-05,-976.4
"2030","deficit",1997-12-12,-993.4
"2031","deficit",1997-12-19,-1008.6
"2032","deficit",1997-12-26,-1000.9
"2033","deficit",1998-01-02,-998.8
"2034","deficit",1998-01-09,-1018
"2035","deficit",1998-01-16,-1026.5
"2036","deficit",1998-01-23,-985.2
"2037","deficit",1998-01-30,-978.6
"2038","deficit",1998-02-06,-1004.1
"2039","deficit",1998-02-13,-1020.7
"2040","deficit",1998-02-20,-1025.2
"2041","deficit",1998-02-27,-953.2
"2042","deficit",1998-03-06,-956.7
"2043","deficit",1998-03-13,-981
"2044","deficit",1998-03-20,-995.3
"2045","deficit",1998-03-27,-1011.5
"2046","deficit",1998-04-03,-980.5
"2047","deficit",1998-04-10,-944.4
"2048","deficit",1998-04-17,-879.7
"2049","deficit",1998-04-24,-880.8
"2050","deficit",1998-05-01,-884.9
"2051","deficit",1998-05-08,-838.2
"2052","deficit",1998-05-15,-804.8
"2053","deficit",1998-05-22,-805.8
"2054","deficit",1998-05-29,-790.3
"2055","deficit",1998-06-05,-796.5
"2056","deficit",1998-06-12,-790
"2057","deficit",1998-06-19,-727.9
"2058","deficit",1998-06-26,-738.5
"2059","deficit",1998-07-03,-693.3
"2060","deficit",1998-07-10,-626.5
"2061","deficit",1998-07-17,-258.7
"2062","deficit",1998-07-24,-19.2
"2063","deficit",1998-07-31,-6.6
"2064","deficit",1998-08-07,-25.3
"2065","deficit",1998-08-14,-18.8
"2066","deficit",1998-08-21,-6.5
"2067","deficit",1998-08-28,-43
"2068","deficit",1998-09-04,-80
"2069","deficit",1998-09-11,-163.9
"2070","deficit",1998-09-18,-268.6
"2071","deficit",1998-09-25,-375.6
"2072","deficit",1998-10-02,-487.7
"2073","deficit",1998-10-09,-654.9
"2074","deficit",1998-10-16,-752.8
"2075","deficit",1998-10-23,-841.6
"2076","deficit",1998-10-30,-906
"2077","deficit",1998-11-06,-906
"2078","deficit",1998-11-13,-921.8
"2079","deficit",1998-11-20,-957.7
"2080","deficit",1998-11-27,-944
"2081","deficit",1998-12-04,-886.8
"2082","deficit",1998-12-11,-806.3
"2083","deficit",1998-12-18,-878
"2084","deficit",1998-12-25,-925.5
"2085","deficit",1999-01-01,-974.3
"2086","deficit",1999-01-08,-994.3
"2087","deficit",1999-01-15,-1011.2
"2088","deficit",1999-01-22,-344.8
"2089","deficit",1999-01-29,-221.8
"2090","deficit",1999-02-05,-421.4
"2091","deficit",1999-02-12,-591.9
"2092","deficit",1999-02-19,-716.2
"2093","deficit",1999-02-26,-807.7
"2094","deficit",1999-03-05,-878.6
"2095","deficit",1999-03-12,-908.2
"2096","deficit",1999-03-19,-767.9
"2097","deficit",1999-03-26,-790.4
"2098","deficit",1999-04-02,-791.6
"2099","deficit",1999-04-09,-703.5
"2100","deficit",1999-04-16,-562
"2101","deficit",1999-04-23,-564.8
"2102","deficit",1999-04-30,-130.6
"2103","deficit",1999-05-07,-12.6
"2104","deficit",1999-05-14,-36.3
"2105","deficit",1999-05-21,-45.6
"2106","deficit",1999-05-28,-92.4
"2107","deficit",1999-06-04,-48.1
"2108","deficit",1999-06-11,-5.8
"2109","deficit",1999-06-18,-10.4
"2110","deficit",1999-06-25,-41.1
"2111","deficit",1999-07-02,-77.1
"2112","deficit",1999-07-09,-20.9
"2113","deficit",1999-07-16,-51
"2114","deficit",1999-07-23,-19.8
"2115","deficit",1999-07-30,-45.2
"2116","deficit",1999-08-06,-8.2
"2117","deficit",1999-08-13,-32.3
"2118","deficit",1999-08-20,-31.2
"2119","deficit",1999-08-27,-70.1
"2120","deficit",1999-09-03,-137.2
"2121","deficit",1999-09-10,-229
"2122","deficit",1999-09-17,-208.4
"2123","deficit",1999-09-24,-208.7
"2124","deficit",1999-10-01,-308.5
"2125","deficit",1999-10-08,-438
"2126","deficit",1999-10-15,-525.1
"2127","deficit",1999-10-22,-638.2
"2128","deficit",1999-10-29,-723.3
"2129","deficit",1999-11-05,-805.1
"2130","deficit",1999-11-12,-844.6
"2131","deficit",1999-11-19,-890.1
"2132","deficit",1999-11-26,-788.1
"2133","deficit",1999-12-03,-438.6
"2134","deficit",1999-12-10,-491.6
"2135","deficit",1999-12-17,-653.5
"2136","deficit",1999-12-24,-776.4
"2137","deficit",1999-12-31,-863.1
"2138","deficit",2000-01-07,-926
"2139","deficit",2000-01-14,-962.3
"2140","deficit",2000-01-21,-990.7
"2141","deficit",2000-01-28,-951
"2142","deficit",2000-02-04,-947.7
"2143","deficit",2000-02-11,-981.5
"2144","deficit",2000-02-18,-1004.1
"2145","deficit",2000-02-25,-1019.2
"2146","deficit",2000-03-03,-1018.8
"2147","deficit",2000-03-10,-970
"2148","deficit",2000-03-17,-916.8
"2149","deficit",2000-03-24,-816.2
"2150","deficit",2000-03-31,-698.2
"2151","deficit",2000-04-07,-716.1
"2152","deficit",2000-04-14,-403.6
"2153","deficit",2000-04-21,-345.3
"2154","deficit",2000-04-28,-265.9
"2155","deficit",2000-05-05,-317.8
"2156","deficit",2000-05-12,-341.4
"2157","deficit",2000-05-19,-193.3
"2158","deficit",2000-05-26,-226.6
"2159","deficit",2000-06-02,-195.6
"2160","deficit",2000-06-09,-26.8
"2161","deficit",2000-06-16,-12.3
"2162","deficit",2000-06-23,-41.3
"2163","deficit",2000-06-30,-48.3
"2164","deficit",2000-07-07,-0.9
"2165","deficit",2000-07-14,-10.8
"2166","deficit",2000-07-21,-15.4
"2167","deficit",2000-07-28,-20.6
"2168","deficit",2000-08-04,-64
"2169","deficit",2000-08-11,-124.6
"2170","deficit",2000-08-18,-181.5
"2171","deficit",2000-08-25,-192.2
"2172","deficit",2000-09-01,-218.3
"2173","deficit",2000-09-08,-294.3
"2174","deficit",2000-09-15,-386.4
"2175","deficit",2000-09-22,-491.5
"2176","deficit",2000-09-29,-342.1
"2177","deficit",2000-10-06,-336.6
"2178","deficit",2000-10-13,-495.6
"2179","deficit",2000-10-20,-661.8
"2180","deficit",2000-10-27,-782.6
"2181","deficit",2000-11-03,-858.4
"2182","deficit",2000-11-10,-650.7
"2183","deficit",2000-11-17,-679.2
"2184","deficit",2000-11-24,-729.1
"2185","deficit",2000-12-01,-754.4
"2186","deficit",2000-12-08,-764.9
"2187","deficit",2000-12-15,-820.8
"2188","deficit",2000-12-22,-891.6
"2189","deficit",2000-12-29,-943.5
"2190","deficit",2001-01-05,-951
"2191","deficit",2001-01-12,-943.6
"2192","deficit",2001-01-19,-900.6
"2193","deficit",2001-01-26,-930
"2194","deficit",2001-02-02,-953.3
"2195","deficit",2001-02-09,-975.6
"2196","deficit",2001-02-16,-841.2
"2197","deficit",2001-02-23,-693.4
"2198","deficit",2001-03-02,-764.3
"2199","deficit",2001-03-09,-743
"2200","deficit",2001-03-16,-793.9
"2201","deficit",2001-03-23,-806
"2202","deficit",2001-03-30,-850.9
"2203","deficit",2001-04-06,-790.6
"2204","deficit",2001-04-13,-756.7
"2205","deficit",2001-04-20,-692.7
"2206","deficit",2001-04-27,-645.4
"2207","deficit",2001-05-04,-663
"2208","deficit",2001-05-11,-637.7
"2209","deficit",2001-05-18,-651.4
"2210","deficit",2001-05-25,-687.3
"2211","deficit",2001-06-01,-661.4
"2212","deficit",2001-06-08,-622.5
"2213","deficit",2001-06-15,-607.4
"2214","deficit",2001-06-22,-516.1
"2215","deficit",2001-06-29,-498.9
"2216","deficit",2001-07-06,-503.3
"2217","deficit",2001-07-13,-335.6
"2218","deficit",2001-07-20,-306.3
"2219","deficit",2001-07-27,-21.5
"2220","deficit",2001-08-03,-18.4
"2221","deficit",2001-08-10,-73
"2222","deficit",2001-08-17,-47.1
"2223","deficit",2001-08-24,-46
"2224","deficit",2001-08-31,-83.5
"2225","deficit",2001-09-07,-70.4
"2226","deficit",2001-09-14,-30.9
"2227","deficit",2001-09-21,-115.1
"2228","deficit",2001-09-28,-189.6
"2229","deficit",2001-10-05,-285.9
"2230","deficit",2001-10-12,-217.5
"2231","deficit",2001-10-19,-96
"2232","deficit",2001-10-26,-47.5
"2233","deficit",2001-11-02,-49.8
"2234","deficit",2001-11-09,-179.3
"2235","deficit",2001-11-16,-331.3
"2236","deficit",2001-11-23,-472.5
"2237","deficit",2001-11-30,-543.9
"2238","deficit",2001-12-07,-688.7
"2239","deficit",2001-12-14,-476.8
"2240","deficit",2001-12-21,-336.6
"2241","deficit",2001-12-28,-338
"2242","deficit",2002-01-04,-523.4
"2243","deficit",2002-01-11,-577.3
"2244","deficit",2002-01-18,-336.2
"2245","deficit",2002-01-25,-395.5
"2246","deficit",2002-02-01,-601
"2247","deficit",2002-02-08,-705.2
"2248","deficit",2002-02-15,-352.5
"2249","deficit",2002-02-22,-93
"2250","deficit",2002-03-01,-252.4
"2251","deficit",2002-03-08,-404.7
"2252","deficit",2002-03-15,-488.8
"2253","deficit",2002-03-22,-409.3
"2254","deficit",2002-03-29,-556.6
"2255","deficit",2002-04-05,-665.5
"2256","deficit",2002-04-12,-634.7
"2257","deficit",2002-04-19,-680
"2258","deficit",2002-04-26,-669.6
"2259","deficit",2002-05-03,-557.2
"2260","deficit",2002-05-10,-602.6
"2261","deficit",2002-05-17,-619.2
"2262","deficit",2002-05-24,-631.5
"2263","deficit",2002-05-31,-648.2
"2264","deficit",2002-06-07,-663.5
"2265","deficit",2002-06-14,-663.8
"2266","deficit",2002-06-21,-567.2
"2267","deficit",2002-06-28,-353.5
"2268","deficit",2002-07-05,-72.3
"2269","deficit",2002-07-12,-22.2
"2270","deficit",2002-07-19,-5.9
"2271","deficit",2002-07-26,-7.7
"2272","deficit",2002-08-02,-6.6
"2273","deficit",2002-08-09,-14.7
"2274","deficit",2002-08-16,-46.2
"2275","deficit",2002-08-23,-65.8
"2276","deficit",2002-08-30,-121.4
"2277","deficit",2002-09-06,-215.9
"2278","deficit",2002-09-13,-318
"2279","deficit",2002-09-20,-380.7
"2280","deficit",2002-09-27,-508.1
"2281","deficit",2002-10-04,-506.9
"2282","deficit",2002-10-11,-631.6
"2283","deficit",2002-10-18,-661.8
"2284","deficit",2002-10-25,-760
"2285","deficit",2002-11-01,-837.1
"2286","deficit",2002-11-08,-897.6
"2287","deficit",2002-11-15,-950.9
"2288","deficit",2002-11-22,-755.1
"2289","deficit",2002-11-29,-794.1
"2290","deficit",2002-12-06,-877.7
"2291","deficit",2002-12-13,-915.9
"2292","deficit",2002-12-20,-930.7
"2293","deficit",2002-12-27,-943.4
"2294","deficit",2003-01-03,-979.3
"2295","deficit",2003-01-10,-989.6
"2296","deficit",2003-01-17,-980.9
"2297","deficit",2003-01-24,-1003.6
"2298","deficit",2003-01-31,-1017.8
"2299","deficit",2003-02-07,-1029.4
"2300","deficit",2003-02-14,-1017.7
"2301","deficit",2003-02-21,-936.4
"2302","deficit",2003-02-28,-893.4
"2303","deficit",2003-03-07,-809.3
"2304","deficit",2003-03-14,-726.6
"2305","deficit",2003-03-21,-723.4
"2306","deficit",2003-03-28,-797.7
"2307","deficit",2003-04-04,-824.1
"2308","deficit",2003-04-11,-748.7
"2309","deficit",2003-04-18,-739.2
"2310","deficit",2003-04-25,-667.2
"2311","deficit",2003-05-02,-691.3
"2312","deficit",2003-05-09,-668.8
"2313","deficit",2003-05-16,-630.1
"2314","deficit",2003-05-23,-605.2
"2315","deficit",2003-05-30,-219.7
"2316","deficit",2003-06-06,-273.2
"2317","deficit",2003-06-13,-174.8
"2318","deficit",2003-06-20,-191.3
"2319","deficit",2003-06-27,-255.7
"2320","deficit",2003-07-04,-295.2
"2321","deficit",2003-07-11,-203.2
"2322","deficit",2003-07-18,-163.7
"2323","deficit",2003-07-25,-188.5
"2324","deficit",2003-08-01,-215.4
"2325","deficit",2003-08-08,-201.5
"2326","deficit",2003-08-15,-130.5
"2327","deficit",2003-08-22,-56.1
"2328","deficit",2003-08-29,-3
"2329","deficit",2003-09-05,-11.7
"2330","deficit",2003-09-12,-9.9
"2331","deficit",2003-09-19,-96.3
"2332","deficit",2003-09-26,-193.1
"2333","deficit",2003-10-03,-216.7
"2334","deficit",2003-10-10,-420.4
"2335","deficit",2003-10-17,-498.4
"2336","deficit",2003-10-24,-633.8
"2337","deficit",2003-10-31,-735.3
"2338","deficit",2003-11-07,-823.9
"2339","deficit",2003-11-14,-891.7
"2340","deficit",2003-11-21,-934.8
"2341","deficit",2003-11-28,-934.8
"2342","deficit",2003-12-05,-915.1
"2343","deficit",2003-12-12,-844.5
"2344","deficit",2003-12-19,-816
"2345","deficit",2003-12-26,-884
"2346","deficit",2004-01-02,-777.6
"2347","deficit",2004-01-09,-806.2
"2348","deficit",2004-01-16,-888
"2349","deficit",2004-01-23,-728.2
"2350","deficit",2004-01-30,-722.3
"2351","deficit",2004-02-06,-729.7
"2352","deficit",2004-02-13,-795.8
"2353","deficit",2004-02-20,-637.5
"2354","deficit",2004-02-27,-636.2
"2355","deficit",2004-03-05,-627.3
"2356","deficit",2004-03-12,-693.6
"2357","deficit",2004-03-19,-758.9
"2358","deficit",2004-03-26,-820.9
"2359","deficit",2004-04-02,-868.5
"2360","deficit",2004-04-09,-850.3
"2361","deficit",2004-04-16,-846
"2362","deficit",2004-04-23,-873.5
"2363","deficit",2004-04-30,-815
"2364","deficit",2004-05-07,-703.9
"2365","deficit",2004-05-14,-690.1
"2366","deficit",2004-05-21,-536.9
"2367","deficit",2004-05-28,-202.6
"2368","deficit",2004-06-04,-185.4
"2369","deficit",2004-06-11,-208.2
"2370","deficit",2004-06-18,-217.2
"2371","deficit",2004-06-25,-108.4
"2372","deficit",2004-07-02,-58.5
"2373","deficit",2004-07-09,-23.7
"2374","deficit",2004-07-16,-36.8
"2375","deficit",2004-07-23,-3.4
"2376","deficit",2004-07-30,-8.6
"2377","deficit",2004-08-06,-10.9
"2378","deficit",2004-08-13,-49.5
"2379","deficit",2004-08-20,-39.5
"2380","deficit",2004-08-27,-54
"2381","deficit",2004-09-03,-123.6
"2382","deficit",2004-09-10,-218.3
"2383","deficit",2004-09-17,-296.4
"2384","deficit",2004-09-24,-379.7
"2385","deficit",2004-10-01,-421.3
"2386","deficit",2004-10-08,-506.5
"2387","deficit",2004-10-15,-490.2
"2388","deficit",2004-10-22,-473.4
"2389","deficit",2004-10-29,-578.9
"2390","deficit",2004-11-05,-691
"2391","deficit",2004-11-12,-806.9
"2392","deficit",2004-11-19,-827
"2393","deficit",2004-11-26,-877.7
"2394","deficit",2004-12-03,-901.3
"2395","deficit",2004-12-10,-688.8
"2396","deficit",2004-12-17,-770.5
"2397","deficit",2004-12-24,-741.4
"2398","deficit",2004-12-31,-765.9
"2399","deficit",2005-01-07,-776.9
"2400","deficit",2005-01-14,-795.6
"2401","deficit",2005-01-21,-851.3
"2402","deficit",2005-01-28,-893.8
"2403","deficit",2005-02-04,-912.3
"2404","deficit",2005-02-11,-935
"2405","deficit",2005-02-18,-943.2
"2406","deficit",2005-02-25,-974.9
"2407","deficit",2005-03-04,-996.8
"2408","deficit",2005-03-11,-1006.9
"2409","deficit",2005-03-18,-822.6
"2410","deficit",2005-03-25,-420.7
"2411","deficit",2005-04-01,-416.7
"2412","deficit",2005-04-08,-481.2
"2413","deficit",2005-04-15,-375.1
"2414","deficit",2005-04-22,-391.6
"2415","deficit",2005-04-29,-385.9
"2416","deficit",2005-05-06,-247.5
"2417","deficit",2005-05-13,-144.2
"2418","deficit",2005-05-20,-52.1
"2419","deficit",2005-05-27,-18.4
"2420","deficit",2005-06-03,-13.2
"2421","deficit",2005-06-10,-11
"2422","deficit",2005-06-17,-4.7
"2423","deficit",2005-06-24,-0.8
"2424","deficit",2005-07-01,-5.7
"2425","deficit",2005-07-08,-25.35
"2426","deficit",2005-07-15,-15.45
"2427","deficit",2005-07-22,-2.65
"2428","deficit",2005-07-29,-27.85
"2429","deficit",2005-08-05,-25.55
"2430","deficit",2005-08-12,-24.95
"2431","deficit",2005-08-19,-65.35
"2432","deficit",2005-08-26,-102.6
"2433","deficit",2005-09-02,-126.15
"2434","deficit",2005-09-09,-208.05
"2435","deficit",2005-09-16,-284.25
"2436","deficit",2005-09-23,-193.95
"2437","deficit",2005-09-30,-257.65
"2438","deficit",2005-10-07,-276.35
"2439","deficit",2005-10-14,-248.8
"2440","deficit",2005-10-21,-162.7
"2441","deficit",2005-10-28,-61.1
"2442","deficit",2005-11-04,-182.5
"2443","deficit",2005-11-11,-315.95
"2444","deficit",2005-11-18,-475.9
"2445","deficit",2005-11-25,-630.4
"2446","deficit",2005-12-02,-422.65
"2447","deficit",2005-12-09,-542.3
"2448","deficit",2005-12-16,-673.2
"2449","deficit",2005-12-23,-743.3
"2450","deficit",2005-12-30,-827.95
"2451","deficit",2006-01-06,-894.95
"2452","deficit",2006-01-13,-928.85
"2453","deficit",2006-01-20,-942.6
"2454","deficit",2006-01-27,-829.9
"2455","deficit",2006-02-03,-807.25
"2456","deficit",2006-02-10,-792
"2457","deficit",2006-02-17,-767.95
"2458","deficit",2006-02-24,-860.35
"2459","deficit",2006-03-03,-916.95
"2460","deficit",2006-03-10,-942.3
"2461","deficit",2006-03-17,-966.9
"2462","deficit",2006-03-24,-875.85
"2463","deficit",2006-03-31,-619.85
"2464","deficit",2006-04-07,-664.2
"2465","deficit",2006-04-14,-703.05
"2466","deficit",2006-04-21,-690.2
"2467","deficit",2006-04-28,-575
"2468","deficit",2006-05-05,-2.1
"2469","deficit",2006-05-12,-21.4
"2470","deficit",2006-05-19,-65
"2471","deficit",2006-05-26,-107.05
"2472","deficit",2006-06-02,-142.85
"2473","deficit",2006-06-09,-92.2
"2474","deficit",2006-06-16,-102.4
"2475","deficit",2006-06-23,-25.4
"2476","deficit",2006-06-30,-2
"2477","deficit",2006-07-07,-3.5
"2478","deficit",2006-07-14,-14.4
"2479","deficit",2006-07-21,-3.6
"2480","deficit",2006-07-28,-19.6
"2481","deficit",2006-08-04,-53.8
"2482","deficit",2006-08-11,-8.35
"2483","deficit",2006-08-18,-54.8
"2484","deficit",2006-08-25,-114.9
"2485","deficit",2006-09-01,-179.7
"2486","deficit",2006-09-08,-276.1
"2487","deficit",2006-09-15,-297.45
"2488","deficit",2006-09-22,-398.9
"2489","deficit",2006-09-29,-490.65
"2490","deficit",2006-10-06,-528.1
"2491","deficit",2006-10-13,-603.95
"2492","deficit",2006-10-20,-721.55
"2493","deficit",2006-10-27,-721.35
"2494","deficit",2006-11-03,-760.55
"2495","deficit",2006-11-10,-786.8
"2496","deficit",2006-11-17,-789.7
"2497","deficit",2006-11-24,-884.05
"2498","deficit",2006-12-01,-934.4
"2499","deficit",2006-12-08,-870.6
"2500","deficit",2006-12-15,-877.75
"2501","deficit",2006-12-22,-816.95
"2502","deficit",2006-12-29,-763.1
"2503","deficit",2007-01-05,-830.2
"2504","deficit",2007-01-12,-867.15
"2505","deficit",2007-01-19,-877.1
"2506","deficit",2007-01-26,-929.9
"2507","deficit",2007-02-02,-919
"2508","deficit",2007-02-09,-768.9
"2509","deficit",2007-02-16,-805.55
"2510","deficit",2007-02-23,-877.9
"2511","deficit",2007-03-02,-920.25
"2512","deficit",2007-03-09,-950.75
"2513","deficit",2007-03-16,-910.35
"2514","deficit",2007-03-23,-900
"2515","deficit",2007-03-30,-923.75
"2516","deficit",2007-04-06,-898.5
"2517","deficit",2007-04-13,-870.15
"2518","deficit",2007-04-20,-871
"2519","deficit",2007-04-27,-890.55
"2520","deficit",2007-05-04,-854.4
"2521","deficit",2007-05-11,-842.95
"2522","deficit",2007-05-18,-863.8
"2523","deficit",2007-05-25,-882.55
"2524","deficit",2007-06-01,-899.25
"2525","deficit",2007-06-08,-912.5
"2526","deficit",2007-06-15,-648.7
"2527","deficit",2007-06-22,-420.45
"2528","deficit",2007-06-29,-414.8
"2529","deficit",2007-07-06,-353.3
"2530","deficit",2007-07-13,-170
"2531","deficit",2007-07-20,-29.1
"2532","deficit",2007-07-27,-12.85
"2533","deficit",2007-08-03,-15.85
"2534","deficit",2007-08-10,-36.45
"2535","deficit",2007-08-17,-71.85
"2536","deficit",2007-08-24,-71.7
"2537","deficit",2007-08-31,-41.45
"2538","deficit",2007-09-07,-32.9
"2539","deficit",2007-09-14,-27.45
"2540","deficit",2007-09-21,-104.7
"2541","deficit",2007-09-28,-139.35
"2542","deficit",2007-10-05,-234.9
"2543","deficit",2007-10-12,-426.6
"2544","deficit",2007-10-19,-557.8
"2545","deficit",2007-10-26,-669.75
"2546","deficit",2007-11-02,-790.1
"2547","deficit",2007-11-09,-875.5
"2548","deficit",2007-11-16,-901.95
"2549","deficit",2007-11-23,-939
"2550","deficit",2007-11-30,-976
"2551","deficit",2007-12-07,-949.4
"2552","deficit",2007-12-14,-788.75
"2553","deficit",2007-12-21,-674.7
"2554","deficit",2007-12-28,-618.85
"2555","deficit",2008-01-04,-730.7
"2556","deficit",2008-01-11,-817.95
"2557","deficit",2008-01-18,-887.4
"2558","deficit",2008-01-25,-923.95
"2559","deficit",2008-02-01,-949.05
"2560","deficit",2008-02-08,-941.4
"2561","deficit",2008-02-15,-931.7
"2562","deficit",2008-02-22,-951.3
"2563","deficit",2008-02-29,-983.55
"2564","deficit",2008-03-07,-858.75
"2565","deficit",2008-03-14,-815.45
"2566","deficit",2008-03-21,-853.9
"2567","deficit",2008-03-28,-899
"2568","deficit",2008-04-04,-928.25
"2569","deficit",2008-04-11,-844.05
"2570","deficit",2008-04-18,-638.65
"2571","deficit",2008-04-25,-539
"2572","deficit",2008-05-02,-495.35
"2573","deficit",2008-05-09,-273.05
"2574","deficit",2008-05-16,-160.75
"2575","deficit",2008-05-23,-134.4
"2576","deficit",2008-05-30,-4.7
"2577","deficit",2008-06-06,-15.3
"2578","deficit",2008-06-13,-27.7
"2579","deficit",2008-06-20,-19.9
"2580","deficit",2008-06-27,-16.7
"2581","deficit",2008-07-04,-16.3
"2582","deficit",2008-07-11,-58.4
"2583","deficit",2008-07-18,-94.8
"2584","deficit",2008-07-25,-40.8
"2585","deficit",2008-08-01,-4.1
"2586","deficit",2008-08-08,-31.3
"2587","deficit",2008-08-15,-71.45
"2588","deficit",2008-08-22,-79.7
"2589","deficit",2008-08-29,-56.5
"2590","deficit",2008-09-05,-101.5
"2591","deficit",2008-09-12,-116.8
"2592","deficit",2008-09-19,-153.3
"2593","deficit",2008-09-26,-202.5
"2594","deficit",2008-10-03,-307.5
"2595","deficit",2008-10-10,-427
"2596","deficit",2008-10-17,-547.3
"2597","deficit",2008-10-24,-564.45
"2598","deficit",2008-10-31,-643.55
"2599","deficit",2008-11-07,-740
"2600","deficit",2008-11-14,-845.15
"2601","deficit",2008-11-21,-904.05
"2602","deficit",2008-11-28,-926.8
"2603","deficit",2008-12-05,-929.1
"2604","deficit",2008-12-12,-942.75
"2605","deficit",2008-12-19,-926.15
"2606","deficit",2008-12-26,-908.3
"2607","deficit",2009-01-02,-900.9
"2608","deficit",2009-01-09,-946.1
"2609","deficit",2009-01-16,-980.4
"2610","deficit",2009-01-23,-999.35
"2611","deficit",2009-01-30,-1018.55
"2612","deficit",2009-02-06,-1027.1
"2613","deficit",2009-02-13,-1014.25
"2614","deficit",2009-02-20,-941.8
"2615","deficit",2009-02-27,-862.35
"2616","deficit",2009-03-06,-564.85
"2617","deficit",2009-03-13,-626
"2618","deficit",2009-03-20,-691.6
"2619","deficit",2009-03-27,-738.9
"2620","deficit",2009-04-03,-803.3
"2621","deficit",2009-04-10,-834.8
"2622","deficit",2009-04-17,-859.95
"2623","deficit",2009-04-24,-804.1
"2624","deficit",2009-05-01,-792.75
"2625","deficit",2009-05-08,-765.7
"2626","deficit",2009-05-15,-741.9
"2627","deficit",2009-05-22,-754.9
"2628","deficit",2009-05-29,-530.05
"2629","deficit",2009-06-05,-485
"2630","deficit",2009-06-12,-476.7
"2631","deficit",2009-06-19,-326.85
"2632","deficit",2009-06-26,-337.8
"2633","deficit",2009-07-03,-53.35
"2634","deficit",2009-07-10,-3.3
"2635","deficit",2009-07-17,-3
"2636","deficit",2009-07-24,-12.3
"2637","deficit",2009-07-31,-32.2
"2638","deficit",2009-08-07,-81.6
"2639","deficit",2009-08-14,-146.4
"2640","deficit",2009-08-21,-41.3
"2641","deficit",2009-08-28,-48
"2642","deficit",2009-09-04,-104.8
"2643","deficit",2009-09-11,-152.4
"2644","deficit",2009-09-18,-237.7
"2645","deficit",2009-09-25,-192.35
"2646","deficit",2009-10-02,-25.95
"2647","deficit",2009-10-09,-20.1
"2648","deficit",2009-10-16,-67.1
"2649","deficit",2009-10-23,-172.4
"2650","deficit",2009-10-30,-163.2
"2651","deficit",2009-11-06,-260.9
"2652","deficit",2009-11-13,-460.75
"2653","deficit",2009-11-20,-618.75
"2654","deficit",2009-11-27,-734.4
"2655","deficit",2009-12-04,-626.25
"2656","deficit",2009-12-11,-512.15
"2657","deficit",2009-12-18,-691.75
"2658","deficit",2009-12-25,-809.1
"2659","deficit",2010-01-01,-893.9
"2660","deficit",2010-01-08,-945.15
"2661","deficit",2010-01-15,-919.15
"2662","deficit",2010-01-22,-731.55
"2663","deficit",2010-01-29,-681.65
"2664","deficit",2010-02-05,-385.6
"2665","deficit",2010-02-12,-466.85
"2666","deficit",2010-02-19,-597.5
"2667","deficit",2010-02-26,-728.75
"2668","deficit",2010-03-05,-817.95
"2669","deficit",2010-03-12,-846.75
"2670","deficit",2010-03-19,-870.8
"2671","deficit",2010-03-26,-910
"2672","deficit",2010-04-02,-930.4
"2673","deficit",2010-04-09,-871.1
"2674","deficit",2010-04-16,-838.95
"2675","deficit",2010-04-23,-869.5
"2676","deficit",2010-04-30,-895.7
"2677","deficit",2010-05-07,-864.35
"2678","deficit",2010-05-14,-848.05
"2679","deficit",2010-05-21,-748.95
"2680","deficit",2010-05-28,-289.4
"2681","deficit",2010-06-04,-5.55
"2682","deficit",2010-06-11,-1.6
"2683","deficit",2010-06-18,-18.6
"2684","deficit",2010-06-25,-1.75
"2685","deficit",2010-07-02,-6.95
"2686","deficit",2010-07-09,-8
"2687","deficit",2010-07-16,-15.7
"2688","deficit",2010-07-23,-6.2
"2689","deficit",2010-07-30,-12.9
"2690","deficit",2010-08-06,-20.75
"2691","deficit",2010-08-13,-21.9
"2692","deficit",2010-08-20,-13
"2693","deficit",2010-08-27,-22.15
"2694","deficit",2010-09-03,-27.4
"2695","deficit",2010-09-10,-65.4
"2696","deficit",2010-09-17,-17.45
"2697","deficit",2010-09-24,-81.9
"2698","deficit",2010-10-01,-200.4
"2699","deficit",2010-10-08,-345.1
"2700","deficit",2010-10-15,-252.35
"2701","deficit",2010-10-22,-116.9
"2702","deficit",2010-10-29,-267.1
"2703","deficit",2010-11-05,-402.4
"2704","deficit",2010-11-12,-571.7
"2705","deficit",2010-11-19,-724.9
"2706","deficit",2010-11-26,-794.5
"2707","deficit",2010-12-03,-862.15
"2708","deficit",2010-12-10,-908.7
"2709","deficit",2010-12-17,-901.05
"2710","deficit",2010-12-24,-821.9
"2711","deficit",2010-12-31,-895
"2712","deficit",2011-01-07,-946.95
"2713","deficit",2011-01-14,-979.75
"2714","deficit",2011-01-21,-976.65
"2715","deficit",2011-01-28,-92.1
"2716","deficit",2011-02-04,-142.3
"2717","deficit",2011-02-11,-358.15
"2718","deficit",2011-02-18,-545.65
"2719","deficit",2011-02-25,-683.55
"2720","deficit",2011-03-04,-776.05
"2721","deficit",2011-03-11,-653.8
"2722","deficit",2011-03-18,-744.55
"2723","deficit",2011-03-25,-555.15
"2724","deficit",2011-04-01,-449.5
"2725","deficit",2011-04-08,-491.2
"2726","deficit",2011-04-15,-515.35
"2727","deficit",2011-04-22,-545.9
"2728","deficit",2011-04-29,-221.15
"2729","deficit",2011-05-06,-18.9
"2730","deficit",2011-05-13,-23.6
"2731","deficit",2011-05-20,-76
"2732","deficit",2011-05-27,-89
"2733","deficit",2011-06-03,-39
"2734","deficit",2011-06-10,-65.8
"2735","deficit",2011-06-17,-47.85
"2736","deficit",2011-06-24,-38
"2737","deficit",2011-07-01,-16.8
"2738","deficit",2011-07-08,-12.9
"2739","deficit",2011-07-15,-36.4
"2740","deficit",2011-07-22,-66.3
"2741","deficit",2011-07-29,-11.7
"2742","deficit",2011-08-05,-59.8
"2743","deficit",2011-08-12,-91.5
"2744","deficit",2011-08-19,-52.5
"2745","deficit",2011-08-26,-38.5
"2746","deficit",2011-09-02,-110.8
"2747","deficit",2011-09-09,-217
"2748","deficit",2011-09-16,-320.7
"2749","deficit",2011-09-23,-362.4
"2750","deficit",2011-09-30,-400.7
"2751","deficit",2011-10-07,-485.1
"2752","deficit",2011-10-14,-540.35
"2753","deficit",2011-10-21,-573.85
"2754","deficit",2011-10-28,-587.15
"2755","deficit",2011-11-04,-626.25
"2756","deficit",2011-11-11,-758.05
"2757","deficit",2011-11-18,-740.1
"2758","deficit",2011-11-25,-821.6
"2759","deficit",2011-12-02,-884.15
"2760","deficit",2011-12-09,-901.55
"2761","deficit",2011-12-16,-877.2
"2762","deficit",2011-12-23,-756.65
"2763","deficit",2011-12-30,-824
"2764","deficit",2012-01-06,-628.1
"2765","deficit",2012-01-13,-452.9
"2766","deficit",2012-01-20,-658.8
"2767","deficit",2012-01-27,-795.85
"2768","deficit",2012-02-03,-844.4
"2769","deficit",2012-02-10,-837.65
"2770","deficit",2012-02-17,-765.4
"2771","deficit",2012-02-24,-793.7
"2772","deficit",2012-03-02,-827.45
"2773","deficit",2012-03-09,-785.65
"2774","deficit",2012-03-16,-779.55
"2775","deficit",2012-03-23,-481.05
"2776","deficit",2012-03-30,-382.85
"2777","deficit",2012-04-06,-286.75
"2778","deficit",2012-04-13,-139.8
"2779","deficit",2012-04-20,-161.8
"2780","deficit",2012-04-27,-241.2
"2781","deficit",2012-05-04,-304.25
"2782","deficit",2012-05-11,-227.5
"2783","deficit",2012-05-18,-53.75
"2784","deficit",2012-05-25,-89.4
"2785","deficit",2012-06-01,-134.2
"2786","deficit",2012-06-08,-152.05
"2787","deficit",2012-06-15,-154.35
"2788","deficit",2012-06-22,-164.65
"2789","deficit",2012-06-29,-195.45
"2790","deficit",2012-07-06,-95.35
"2791","deficit",2012-07-13,-18
"2792","deficit",2012-07-20,-31.05
"2793","deficit",2012-07-27,-8.3
"2794","deficit",2012-08-03,-2.3
"2795","deficit",2012-08-10,-13.9
"2796","deficit",2012-08-17,-5.8
"2797","deficit",2012-08-24,-9.4
"2798","deficit",2012-08-31,-46.3
"2799","deficit",2012-09-07,-122.05
"2800","deficit",2012-09-14,-230.25
"2801","deficit",2012-09-21,-322
"2802","deficit",2012-09-28,-421.05
"2803","deficit",2012-10-05,-488.8
"2804","deficit",2012-10-12,-610.65
"2805","deficit",2012-10-19,-710.8
"2806","deficit",2012-10-26,-786.9
"2807","deficit",2012-11-02,-845.55
"2808","deficit",2012-11-09,-887.65
"2809","deficit",2012-11-16,-891.1
"2810","deficit",2012-11-23,-916.5
"2811","deficit",2012-11-30,-952.7
"2812","deficit",2012-12-07,-967.75
"2813","deficit",2012-12-14,-991.35
"2814","deficit",2012-12-21,-1013.65
"2815","deficit",2012-12-28,-964.3
"2816","deficit",2013-01-04,-967
"2817","deficit",2013-01-11,-955.9
"2818","deficit",2013-01-18,-974.6
"2819","deficit",2013-01-25,-982.9
"2820","deficit",2013-02-01,-1007.25
"2821","deficit",2013-02-08,-704.65
"2822","deficit",2013-02-15,-989.6
"2823","deficit",2013-02-22,-1010.1
"2824","deficit",2013-03-01,-1023.6
"2825","deficit",2013-03-08,-1024.3
"2826","deficit",2013-03-15,-1027.9
"2827","deficit",2013-03-22,-944.1
"2828","deficit",2013-03-29,-925.2
"2829","deficit",2013-04-05,-920
"2830","deficit",2013-04-12,-723.8
"2831","deficit",2013-04-19,-642.3
"2832","deficit",2013-04-26,-516.5
"2833","deficit",2013-05-03,-587.5
"2834","deficit",2013-05-10,-588.05
"2835","deficit",2013-05-17,-595.8
"2836","deficit",2013-05-24,-470
"2837","deficit",2013-05-31,-386.55
"2838","deficit",2013-06-07,-269.9
"2839","deficit",2013-06-14,-41.25
"2840","deficit",2013-06-21,-1
"2841","deficit",2013-06-28,-9.2
"2842","deficit",2013-07-05,-33.3
"2843","deficit",2013-07-12,-26
"2844","deficit",2013-07-19,-7.6
"2845","deficit",2013-07-26,-34.1
"2846","deficit",2013-08-02,-60.7
"2847","deficit",2013-08-09,-13.8
"2848","deficit",2013-08-16,-11.2
"2849","deficit",2013-08-23,-2.3
"2850","deficit",2013-08-30,-22
"2851","deficit",2013-09-06,-16.4
"2852","deficit",2013-09-13,-89.4
"2853","deficit",2013-09-20,-175.3
"2854","deficit",2013-09-27,-97
"2855","deficit",2013-10-04,-73.2
"2856","deficit",2013-10-11,-218.5
"2857","deficit",2013-10-18,-311.4
"2858","deficit",2013-10-25,-425.5
"2859","deficit",2013-11-01,-569.7
"2860","deficit",2013-11-08,-648.8
"2861","deficit",2013-11-15,-735.8
"2862","deficit",2013-11-22,-834.05
"2863","deficit",2013-11-29,-682.85
"2864","deficit",2013-12-06,-562.15
"2865","deficit",2013-12-13,-673.2
"2866","deficit",2013-12-20,-749.05
"2867","deficit",2013-12-27,-805.8
"2868","deficit",2014-01-03,-815.85
"2869","deficit",2014-01-10,-905.75
"2870","deficit",2014-01-17,-960.15
"2871","deficit",2014-01-24,-910.95
"2872","deficit",2014-01-31,-872.25
"2873","deficit",2014-02-07,-862.35
"2874","deficit",2014-02-14,-745
"2875","deficit",2014-02-21,-840.05
"2876","deficit",2014-02-28,-908.15
"2877","deficit",2014-03-07,-944.55
"2878","deficit",2014-03-14,-965.9
"2879","deficit",2014-03-21,-945.6
"2880","deficit",2014-03-28,-929.75
"2881","deficit",2014-04-04,-956.7
"2882","deficit",2014-04-11,-747.8
"2883","deficit",2014-04-18,-425.15
"2884","deficit",2014-04-25,-198.4
"2885","deficit",2014-05-02,-264.3
"2886","deficit",2014-05-09,-319.75
"2887","deficit",2014-05-16,-328
"2888","deficit",2014-05-23,-325.1
"2889","deficit",2014-05-30,-377.6
"2890","deficit",2014-06-06,-371
"2891","deficit",2014-06-13,-182.55
"2892","deficit",2014-06-20,-10.85
"2893","deficit",2014-06-27,-40.6
"2894","deficit",2014-07-04,-51.5
"2895","deficit",2014-07-11,-62.35
"2896","deficit",2014-07-18,-70.05
"2897","deficit",2014-07-25,-3.5
"2898","deficit",2014-08-01,-38.3
"2899","deficit",2014-08-08,-20.4
"2900","deficit",2014-08-15,-42.6
"2901","deficit",2014-08-22,-25.85
"2902","deficit",2014-08-29,-47.1
"2903","deficit",2014-09-05,-28.2
"2904","deficit",2014-09-12,-54.6
"2905","deficit",2014-09-19,-79.45
"2906","deficit",2014-09-26,-164.2
"2907","deficit",2014-10-03,-130.1
"2908","deficit",2014-10-10,-195.35
"2909","deficit",2014-10-17,-409.9
"2910","deficit",2014-10-24,-426.3
"2911","deficit",2014-10-31,-523.55
"2912","deficit",2014-11-07,-631.95
"2913","deficit",2014-11-14,-729.9
"2914","deficit",2014-11-21,-828.15
"2915","deficit",2014-11-28,-897.95
"2916","deficit",2014-12-05,-909.65
"2917","deficit",2014-12-12,-862.4
"2918","deficit",2014-12-19,-725.5
"2919","deficit",2014-12-26,-776.8
"2920","deficit",2015-01-02,-869.8
"2921","deficit",2015-01-09,-932.95
"2922","deficit",2015-01-16,-957.1
"2923","deficit",2015-01-23,-937.1
"2924","deficit",2015-01-30,-862.7
"2925","deficit",2015-02-06,-937.1
"2926","deficit",2015-02-13,-939.35
"2927","deficit",2015-02-20,-962.55
"2928","deficit",2015-02-27,-965.15
"2929","deficit",2015-03-06,-982.6
"2930","deficit",2015-03-13,-964
"2931","deficit",2015-03-20,-733.3
"2932","deficit",2015-03-27,-777.85
"2933","deficit",2015-04-03,-830
"2934","deficit",2015-04-10,-775.6
"2935","deficit",2015-04-17,-579
"2936","deficit",2015-04-24,-640.05
"2937","deficit",2015-05-01,-684.8
"2938","deficit",2015-05-08,-722.6
"2939","deficit",2015-05-15,-723
"2940","deficit",2015-05-22,-672.7
"2941","deficit",2015-05-29,-515.35
"2942","deficit",2015-06-05,-530.85
"2943","deficit",2015-06-12,-552.55
"2944","deficit",2015-06-19,-563.45
"2945","deficit",2015-06-26,-478.2
"2946","deficit",2015-07-03,-492.85
"2947","deficit",2015-07-10,-428.35
"2948","deficit",2015-07-17,-386.65
"2949","deficit",2015-07-24,-332.85
"2950","deficit",2015-07-31,-346.25
"2951","deficit",2015-08-07,-365.9
"2952","deficit",2015-08-14,-374.1
"2953","deficit",2015-08-21,-301.05
"2954","deficit",2015-08-28,-342.25
"2955","deficit",2015-09-04,-336.9
"2956","deficit",2015-09-11,-374.15
"2957","deficit",2015-09-18,-450.9
"2958","deficit",2015-09-25,-78.9
"2959","deficit",2015-10-02,-47.35
"2960","deficit",2015-10-09,-197.75
"2961","deficit",2015-10-16,-352.25
"2962","deficit",2015-10-23,-500.55
"2963","deficit",2015-10-30,-570.4
"2964","deficit",2015-11-06,-574.55
"2965","deficit",2015-11-13,-575.95
"2966","deficit",2015-11-20,-619.8
"2967","deficit",2015-11-27,-736.85
"2968","deficit",2015-12-04,-818.5
"2969","deficit",2015-12-11,-881.95
"2970","deficit",2015-12-18,-885.9
"2971","deficit",2015-12-25,-902.45
"2972","deficit",2016-01-01,-950.55
"2973","deficit",2016-01-08,-819.95
"2974","deficit",2016-01-15,-883.35
"2975","deficit",2016-01-22,-911.25
"2976","deficit",2016-01-29,-893.7
"2977","deficit",2016-02-05,-861.55
"2978","deficit",2016-02-12,-921.6
"2979","deficit",2016-02-19,-948.75
"2980","deficit",2016-02-26,-962.7
"2981","deficit",2016-03-04,-957.75
"2982","deficit",2016-03-11,-959.95
"2983","deficit",2016-03-18,-940.55
"2984","deficit",2016-03-25,-823.3
"2985","deficit",2016-04-01,-660.35
"2986","deficit",2016-04-08,-687.5
"2987","deficit",2016-04-15,-688.55
"2988","deficit",2016-04-22,-713.05
"2989","deficit",2016-04-29,-751.1
"2990","deficit",2016-05-06,-786.15
"2991","deficit",2016-05-13,-810.15
"2992","deficit",2016-05-20,-814.5
"2993","deficit",2016-05-27,-778.3
"2994","deficit",2016-06-03,-798.7
"2995","deficit",2016-06-10,-812.4
"2996","deficit",2016-06-17,-813.9
"2997","deficit",2016-06-24,-798.65
"2998","deficit",2016-07-01,-611.35
"2999","deficit",2016-07-08,-402.2
"3000","deficit",2016-07-15,-169
"3001","deficit",2016-07-22,-198.55
"3002","deficit",2016-07-29,-235.45
"3003","deficit",2016-08-05,-201.8
"3004","deficit",2016-08-12,-8.55
"3005","deficit",2016-08-19,-37.1
"3006","deficit",2016-08-26,-29
"3007","deficit",2016-09-02,-40.3
"3008","deficit",2016-09-09,-80.6
"3009","deficit",2016-09-16,-53.1
"3010","deficit",2016-09-23,-59.95
"3011","deficit",2016-09-30,-12.65
"3012","deficit",2016-10-07,-64.7
"3013","deficit",2016-10-14,-181.2
"3014","deficit",2016-10-21,-288.2
"3015","deficit",2016-10-28,-400.05
"3016","deficit",2016-11-04,-486.6
"3017","deficit",2016-11-11,-645.1
"3018","deficit",2016-11-18,-711.55
"3019","deficit",2016-11-25,-822.25
"3020","deficit",2016-12-02,-892.95
"3021","deficit",2016-12-09,-911.85
"3022","deficit",2016-12-16,-953.2
"3023","deficit",2016-12-23,-965.2
"3024","deficit",2016-12-30,-814.35
